Time.Stamp, PM_2.5, PM_10
2019-10-21 21:36:26, 11.000000, 15.800000
2019-10-21 21:36:28, 11.200000, 16.100000
2019-10-21 21:36:30, 11.000000, 15.900000
2019-10-21 21:36:32, 11.200000, 16.600000
2019-10-21 21:36:35, 11.200000, 16.400000
2019-10-21 21:36:37, 11.100000, 17.200000
2019-10-21 21:36:39, 11.100000, 16.800000
2019-10-21 21:36:41, 11.000000, 17.000000
2019-10-21 21:36:43, 10.900000, 17.000000
2019-10-21 21:36:45, 11.000000, 16.700000
2019-10-21 21:36:47, 10.700000, 16.200000
2019-10-21 21:36:49, 10.700000, 16.800000
2019-10-21 21:36:51, 10.700000, 16.700000
2019-10-21 21:36:53, 10.700000, 16.500000
2019-10-21 21:36:56, 10.600000, 17.000000
2019-10-21 21:36:58, 10.400000, 16.800000
2019-10-21 21:37:00, 10.400000, 17.000000
2019-10-21 21:37:02, 10.100000, 16.700000
2019-10-21 21:37:04, 10.100000, 16.600000
2019-10-21 21:37:06, 10.100000, 15.600000
2019-10-21 21:37:08, 10.300000, 15.900000
2019-10-21 21:37:10, 10.300000, 15.500000
2019-10-21 21:37:12, 10.700000, 16.500000
2019-10-21 21:37:14, 10.900000, 17.200000
2019-10-21 21:37:17, 11.100000, 17.400000
2019-10-21 21:37:19, 11.000000, 17.400000
2019-10-21 21:37:21, 10.900000, 17.100000
2019-10-21 21:37:23, 10.800000, 17.000000
2019-10-21 21:37:25, 10.900000, 16.200000
2019-10-21 21:37:27, 11.300000, 17.200000
2019-10-21 21:37:29, 11.400000, 16.800000
2019-10-21 21:37:31, 11.400000, 16.600000
2019-10-21 21:37:33, 11.400000, 16.100000
2019-10-21 21:37:35, 11.600000, 16.700000
2019-10-21 21:37:38, 11.600000, 16.500000
2019-10-21 21:37:40, 11.600000, 16.800000
2019-10-21 21:37:42, 11.500000, 16.800000
2019-10-21 21:37:44, 11.400000, 16.900000
2019-10-21 21:37:46, 11.100000, 16.600000
2019-10-21 21:37:48, 11.200000, 16.900000
2019-10-21 21:37:50, 11.200000, 17.000000
2019-10-21 21:37:52, 11.300000, 16.900000
2019-10-21 21:37:54, 11.500000, 17.400000
2019-10-21 21:37:56, 11.100000, 17.000000
2019-10-21 21:37:59, 10.900000, 16.000000
2019-10-21 21:38:01, 11.000000, 16.100000
2019-10-21 21:38:03, 11.000000, 16.200000
2019-10-21 21:38:05, 10.900000, 16.200000
2019-10-21 21:38:07, 11.100000, 16.500000
2019-10-21 21:38:09, 11.200000, 17.400000
2019-10-21 21:38:11, 11.100000, 16.700000
2019-10-21 21:38:13, 10.900000, 15.800000
2019-10-21 21:38:15, 10.900000, 15.700000
2019-10-21 21:38:18, 11.100000, 16.200000
2019-10-21 21:38:20, 11.200000, 16.400000
2019-10-21 21:38:22, 11.000000, 15.800000
2019-10-21 21:38:24, 10.800000, 15.500000
2019-10-21 21:38:26, 10.700000, 15.700000
2019-10-21 21:38:28, 10.900000, 16.800000
2019-10-21 21:38:30, 10.700000, 16.400000
2019-10-21 21:38:32, 10.600000, 16.300000
2019-10-21 21:38:34, 10.600000, 16.200000
2019-10-21 21:38:36, 10.500000, 16.000000
2019-10-21 21:38:39, 10.200000, 15.500000
2019-10-21 21:38:41, 10.200000, 15.000000
2019-10-21 21:38:43, 10.200000, 15.300000
2019-10-21 21:38:45, 10.300000, 16.000000
2019-10-21 21:38:47, 10.200000, 14.800000
2019-10-21 21:38:49, 10.300000, 15.300000
2019-10-21 21:38:51, 10.500000, 15.500000
2019-10-21 21:38:53, 10.500000, 17.400000
2019-10-21 21:38:55, 10.600000, 17.500000
2019-10-21 21:38:57, 10.500000, 17.200000
2019-10-21 21:39:00, 10.400000, 17.000000
2019-10-21 21:39:02, 10.700000, 18.100000
2019-10-21 21:39:04, 10.600000, 18.000000
2019-10-21 21:39:06, 10.800000, 18.700000
2019-10-21 21:39:08, 10.900000, 19.600000
2019-10-21 21:39:10, 11.000000, 20.200000
2019-10-21 21:39:12, 10.900000, 20.900000
2019-10-21 21:39:14, 10.900000, 20.800000
2019-10-21 21:39:16, 10.800000, 20.500000
2019-10-21 21:39:18, 10.700000, 20.800000
2019-10-21 21:39:21, 10.500000, 20.800000
2019-10-21 21:39:23, 10.500000, 21.800000
2019-10-21 21:39:25, 10.300000, 19.500000
2019-10-21 21:39:27, 10.300000, 19.600000
2019-10-21 21:39:29, 10.400000, 19.500000
2019-10-21 21:39:31, 10.300000, 18.800000
2019-10-21 21:39:33, 10.600000, 19.300000
2019-10-21 21:39:35, 10.700000, 19.300000
2019-10-21 21:39:37, 10.800000, 19.000000
2019-10-21 21:39:39, 10.700000, 18.400000
2019-10-21 21:39:42, 10.600000, 17.300000
2019-10-21 21:39:44, 10.700000, 17.100000
2019-10-21 21:39:46, 10.600000, 16.800000
2019-10-21 21:39:48, 10.800000, 16.400000
2019-10-21 21:39:50, 11.000000, 17.300000
2019-10-21 21:39:52, 11.200000, 16.800000
2019-10-21 21:39:54, 11.300000, 16.900000
2019-10-21 21:39:56, 11.300000, 17.400000
2019-10-21 21:39:58, 11.300000, 17.000000
2019-10-21 21:40:00, 11.300000, 18.000000
2019-10-21 21:40:03, 11.200000, 17.900000
2019-10-21 21:40:05, 11.200000, 17.800000
2019-10-21 21:40:07, 10.800000, 17.000000
2019-10-21 21:40:09, 10.900000, 17.100000
2019-10-21 21:40:11, 10.800000, 16.600000
2019-10-21 21:40:13, 10.900000, 17.300000
2019-10-21 21:40:15, 10.900000, 17.400000
2019-10-21 21:40:17, 10.800000, 17.000000
2019-10-21 21:40:19, 10.700000, 17.300000
2019-10-21 21:40:21, 10.600000, 16.300000
2019-10-21 21:40:24, 10.600000, 16.400000
2019-10-21 21:40:26, 10.600000, 16.300000
2019-10-21 21:40:28, 10.400000, 15.500000
2019-10-21 21:40:30, 10.400000, 14.800000
2019-10-21 21:40:32, 10.300000, 14.500000
2019-10-21 21:40:34, 10.300000, 14.700000
2019-10-21 21:40:36, 10.400000, 14.700000
2019-10-21 21:40:38, 10.200000, 14.400000
2019-10-21 21:40:40, 10.100000, 14.400000
2019-10-21 21:40:42, 10.100000, 14.400000
2019-10-21 21:40:45, 10.100000, 14.200000
2019-10-21 21:40:47, 9.900000, 13.800000
2019-10-21 21:40:49, 10.000000, 13.500000
2019-10-21 21:40:51, 10.000000, 13.600000
2019-10-21 21:40:53, 10.000000, 13.600000
2019-10-21 21:40:55, 9.900000, 13.600000
2019-10-21 21:40:57, 10.000000, 13.400000
2019-10-21 21:40:59, 9.900000, 13.400000
2019-10-21 21:41:01, 9.900000, 13.400000
2019-10-21 21:41:03, 10.000000, 13.800000
2019-10-21 21:41:06, 10.100000, 14.300000
2019-10-21 21:41:08, 10.100000, 14.300000
2019-10-21 21:41:10, 10.300000, 14.400000
2019-10-21 21:41:12, 10.600000, 14.500000
2019-10-21 21:41:14, 10.700000, 14.200000
2019-10-21 21:41:16, 10.800000, 14.600000
2019-10-21 21:41:18, 10.700000, 14.400000
2019-10-21 21:41:20, 10.500000, 14.000000
2019-10-21 21:41:22, 10.500000, 14.000000
2019-10-21 21:41:24, 10.600000, 14.400000
2019-10-21 21:41:27, 10.800000, 15.400000
2019-10-21 21:41:29, 10.900000, 15.500000
2019-10-21 21:41:31, 11.000000, 15.500000
2019-10-21 21:41:33, 11.000000, 15.700000
2019-10-21 21:41:35, 10.900000, 15.300000
2019-10-21 21:41:37, 10.800000, 15.200000
2019-10-21 21:41:39, 10.600000, 15.300000
2019-10-21 21:41:41, 10.300000, 15.200000
2019-10-21 21:41:43, 10.300000, 15.400000
2019-10-21 21:41:46, 10.000000, 14.700000
2019-10-21 21:41:48, 10.400000, 15.900000
2019-10-21 21:41:50, 10.500000, 16.700000
2019-10-21 21:41:52, 10.500000, 16.800000
2019-10-21 21:41:54, 10.500000, 16.600000
2019-10-21 21:41:56, 10.500000, 15.800000
2019-10-21 21:41:58, 10.400000, 15.500000
2019-10-21 21:42:00, 10.400000, 16.200000
2019-10-21 21:42:02, 10.500000, 16.200000
2019-10-21 21:42:04, 10.400000, 16.100000
2019-10-21 21:42:07, 10.500000, 16.000000
2019-10-21 21:42:09, 10.700000, 16.700000
2019-10-21 21:42:11, 10.700000, 16.100000
2019-10-21 21:42:13, 10.800000, 16.200000
2019-10-21 21:42:15, 10.600000, 16.000000
2019-10-21 21:42:17, 10.600000, 15.800000
2019-10-21 21:42:19, 10.700000, 16.100000
2019-10-21 21:42:21, 10.900000, 16.500000
2019-10-21 21:42:23, 10.800000, 16.200000
2019-10-21 21:42:25, 10.900000, 16.400000
2019-10-21 21:42:28, 10.700000, 16.500000
2019-10-21 21:42:30, 10.600000, 15.600000
2019-10-21 21:42:32, 10.400000, 15.500000
2019-10-21 21:42:34, 10.400000, 15.400000
2019-10-21 21:42:36, 10.300000, 15.300000
2019-10-21 21:42:38, 10.300000, 14.700000
2019-10-21 21:42:40, 10.200000, 14.600000
2019-10-21 21:42:42, 10.100000, 14.700000
2019-10-21 21:42:44, 10.200000, 15.600000
2019-10-21 21:42:46, 10.300000, 15.400000
2019-10-21 21:42:49, 10.100000, 14.500000
2019-10-21 21:42:51, 10.200000, 13.400000
2019-10-21 21:42:53, 10.100000, 13.800000
2019-10-21 21:42:55, 10.300000, 14.600000
2019-10-21 21:42:57, 10.200000, 14.400000
2019-10-21 21:42:59, 10.300000, 15.600000
2019-10-21 21:43:01, 10.400000, 15.600000
2019-10-21 21:43:03, 10.400000, 15.600000
2019-10-21 21:43:05, 10.500000, 15.800000
2019-10-21 21:43:07, 10.600000, 16.100000
2019-10-21 21:43:10, 10.600000, 16.600000
2019-10-21 21:43:12, 10.700000, 16.700000
2019-10-21 21:43:14, 10.800000, 17.100000
2019-10-21 21:43:16, 10.900000, 16.800000
2019-10-21 21:43:18, 10.700000, 16.500000
2019-10-21 21:43:20, 10.600000, 16.700000
2019-10-21 21:43:22, 10.500000, 16.400000
2019-10-21 21:43:24, 10.500000, 16.700000
2019-10-21 21:43:26, 10.500000, 17.000000
2019-10-21 21:43:28, 10.700000, 16.200000
2019-10-21 21:43:31, 10.700000, 16.400000
2019-10-21 21:43:33, 10.700000, 17.700000
2019-10-21 21:43:35, 10.800000, 17.900000
2019-10-21 21:43:37, 10.700000, 17.800000
2019-10-21 21:43:39, 10.600000, 16.900000
2019-10-21 21:43:41, 10.500000, 17.000000
2019-10-21 21:43:43, 10.600000, 17.000000
2019-10-21 21:43:45, 10.500000, 16.900000
2019-10-21 21:43:47, 10.400000, 17.000000
2019-10-21 21:43:49, 10.700000, 17.500000
2019-10-21 21:43:52, 10.600000, 17.500000
2019-10-21 21:43:54, 10.700000, 16.700000
2019-10-21 21:43:56, 10.700000, 16.800000
2019-10-21 21:43:58, 10.800000, 18.200000
2019-10-21 21:44:00, 10.900000, 18.000000
2019-10-21 21:44:02, 11.000000, 16.900000
2019-10-21 21:44:04, 11.000000, 16.800000
2019-10-21 21:44:06, 11.000000, 17.100000
2019-10-21 21:44:08, 11.100000, 18.300000
2019-10-21 21:44:10, 11.100000, 18.500000
2019-10-21 21:44:13, 11.100000, 17.900000
2019-10-21 21:44:15, 11.100000, 17.900000
2019-10-21 21:44:17, 11.100000, 18.600000
2019-10-21 21:44:19, 11.100000, 18.300000
2019-10-21 21:44:21, 11.100000, 17.900000
2019-10-21 21:44:23, 11.000000, 17.700000
2019-10-21 21:44:25, 10.900000, 17.500000
2019-10-21 21:44:27, 10.800000, 16.400000
2019-10-21 21:44:29, 10.600000, 16.300000
2019-10-21 21:44:31, 10.700000, 16.400000
2019-10-21 21:44:34, 10.500000, 16.200000
2019-10-21 21:44:36, 10.400000, 15.800000
2019-10-21 21:44:38, 10.400000, 15.700000
2019-10-21 21:44:40, 10.300000, 14.500000
2019-10-21 21:44:42, 10.500000, 15.800000
2019-10-21 21:44:44, 10.800000, 17.100000
2019-10-21 21:44:46, 10.700000, 16.500000
2019-10-21 21:44:48, 10.800000, 17.800000
2019-10-21 21:44:50, 10.700000, 17.800000
2019-10-21 21:44:52, 10.700000, 18.000000
2019-10-21 21:44:55, 10.800000, 18.000000
2019-10-21 21:44:57, 10.900000, 17.500000
2019-10-21 21:44:59, 10.900000, 17.400000
2019-10-21 21:45:01, 10.900000, 17.200000
2019-10-21 21:45:03, 10.900000, 16.900000
2019-10-21 21:45:05, 11.000000, 17.300000
2019-10-21 21:45:07, 10.800000, 17.100000
2019-10-21 21:45:09, 11.000000, 17.500000
2019-10-21 21:45:11, 10.900000, 16.300000
2019-10-21 21:45:13, 10.800000, 16.000000
2019-10-21 21:45:16, 10.600000, 14.600000
2019-10-21 21:45:18, 10.500000, 14.600000
2019-10-21 21:45:20, 10.600000, 13.800000
2019-10-21 21:45:22, 10.500000, 13.600000
2019-10-21 21:45:24, 10.400000, 13.400000
2019-10-21 21:45:26, 10.300000, 13.300000
2019-10-21 21:45:28, 10.300000, 13.500000
2019-10-21 21:45:30, 10.300000, 13.600000
2019-10-21 21:45:32, 10.400000, 14.200000
2019-10-21 21:45:35, 10.300000, 14.000000
2019-10-21 21:45:37, 10.300000, 14.000000
2019-10-21 21:45:39, 10.500000, 14.500000
2019-10-21 21:45:41, 10.400000, 14.400000
2019-10-21 21:45:43, 10.600000, 15.000000
2019-10-21 21:45:45, 10.400000, 14.700000
2019-10-21 21:45:47, 10.600000, 16.100000
2019-10-21 21:45:49, 10.700000, 16.700000
2019-10-21 21:45:51, 10.700000, 16.800000
2019-10-21 21:45:53, 10.800000, 17.400000
2019-10-21 21:45:56, 10.900000, 17.700000
2019-10-21 21:45:58, 10.800000, 17.600000
2019-10-21 21:46:00, 10.900000, 17.700000
2019-10-21 21:46:02, 10.700000, 17.000000
2019-10-21 21:46:04, 10.800000, 17.400000
2019-10-21 21:46:06, 10.700000, 17.000000
2019-10-21 21:46:08, 10.600000, 17.000000
2019-10-21 21:46:10, 10.600000, 17.000000
2019-10-21 21:46:12, 10.400000, 16.700000
2019-10-21 21:46:14, 10.400000, 16.600000
2019-10-21 21:46:17, 10.300000, 16.300000
2019-10-21 21:46:19, 10.400000, 14.700000
2019-10-21 21:46:21, 10.500000, 14.700000
2019-10-21 21:46:23, 10.300000, 14.500000
2019-10-21 21:46:25, 10.200000, 14.000000
2019-10-21 21:46:27, 10.200000, 13.900000
2019-10-21 21:46:29, 10.300000, 14.000000
2019-10-21 21:46:31, 10.500000, 15.100000
2019-10-21 21:46:33, 10.500000, 14.900000
2019-10-21 21:46:35, 10.600000, 15.400000
2019-10-21 21:46:38, 10.500000, 15.200000
2019-10-21 21:46:40, 10.700000, 15.300000
2019-10-21 21:46:42, 10.700000, 15.100000
2019-10-21 21:46:44, 10.800000, 15.700000
2019-10-21 21:46:46, 10.700000, 15.800000
2019-10-21 21:46:48, 10.600000, 15.600000
2019-10-21 21:46:50, 10.400000, 15.400000
2019-10-21 21:46:52, 10.600000, 16.900000
2019-10-21 21:46:54, 10.600000, 16.700000
2019-10-21 21:46:56, 10.700000, 17.400000
2019-10-21 21:46:59, 10.500000, 17.400000
2019-10-21 21:47:01, 10.500000, 16.500000
2019-10-21 21:47:03, 10.400000, 16.400000
2019-10-21 21:47:05, 10.300000, 16.300000
2019-10-21 21:47:07, 10.300000, 16.100000
2019-10-21 21:47:09, 10.200000, 15.800000
2019-10-21 21:47:11, 10.300000, 16.000000
2019-10-21 21:47:13, 10.300000, 16.500000
2019-10-21 21:47:15, 10.400000, 17.100000
2019-10-21 21:47:17, 10.400000, 17.300000
2019-10-21 21:47:20, 10.400000, 18.000000
2019-10-21 21:47:22, 10.100000, 16.600000
2019-10-21 21:47:24, 10.300000, 16.600000
2019-10-21 21:47:26, 10.200000, 16.200000
2019-10-21 21:47:28, 10.200000, 16.200000
2019-10-21 21:47:30, 10.300000, 16.400000
2019-10-21 21:47:32, 10.400000, 16.700000
2019-10-21 21:47:34, 10.400000, 16.900000
2019-10-21 21:47:36, 10.400000, 17.200000
2019-10-21 21:47:38, 10.400000, 18.600000
2019-10-21 21:47:41, 10.400000, 18.700000
2019-10-21 21:47:43, 10.200000, 18.300000
2019-10-21 21:47:45, 10.000000, 16.800000
2019-10-21 21:47:47, 10.100000, 15.900000
2019-10-21 21:47:49, 10.100000, 15.800000
2019-10-21 21:47:51, 10.400000, 16.100000
2019-10-21 21:47:53, 10.300000, 16.300000
2019-10-21 21:47:55, 10.300000, 16.200000
2019-10-21 21:47:57, 10.300000, 16.100000
2019-10-21 21:47:59, 10.400000, 15.900000
2019-10-21 21:48:02, 10.400000, 16.300000
2019-10-21 21:48:04, 10.300000, 16.200000
2019-10-21 21:48:06, 10.300000, 15.900000
2019-10-21 21:48:08, 10.100000, 15.300000
2019-10-21 21:48:10, 10.100000, 14.100000
2019-10-21 21:48:12, 10.200000, 14.500000
2019-10-21 21:48:14, 10.400000, 15.100000
2019-10-21 21:48:16, 10.300000, 15.200000
2019-10-21 21:48:18, 10.400000, 14.900000
2019-10-21 21:48:20, 10.400000, 14.900000
2019-10-21 21:48:23, 10.300000, 14.700000
2019-10-21 21:48:25, 10.300000, 14.800000
2019-10-21 21:48:27, 10.200000, 14.800000
2019-10-21 21:48:29, 10.100000, 14.900000
2019-10-21 21:48:31, 9.900000, 14.500000
2019-10-21 21:48:33, 10.200000, 14.500000
2019-10-21 21:48:35, 10.300000, 14.800000
2019-10-21 21:48:37, 10.400000, 15.000000
2019-10-21 21:48:39, 10.600000, 15.000000
2019-10-21 21:48:41, 10.700000, 14.900000
2019-10-21 21:48:44, 10.800000, 14.900000
2019-10-21 21:48:46, 10.800000, 14.800000
2019-10-21 21:48:48, 10.700000, 14.400000
2019-10-21 21:48:50, 10.600000, 14.400000
2019-10-21 21:48:52, 10.600000, 14.500000
2019-10-21 21:48:54, 10.500000, 14.200000
2019-10-21 21:48:56, 10.800000, 14.700000
2019-10-21 21:48:58, 10.800000, 14.600000
2019-10-21 21:49:00, 10.900000, 15.100000
2019-10-21 21:49:02, 10.600000, 15.000000
2019-10-21 21:49:05, 10.600000, 15.100000
2019-10-21 21:49:07, 10.700000, 15.100000
2019-10-21 21:49:09, 10.500000, 15.000000
2019-10-21 21:49:11, 10.500000, 15.300000
2019-10-21 21:49:13, 10.400000, 15.200000
2019-10-21 21:49:15, 10.400000, 15.200000
2019-10-21 21:49:17, 10.500000, 15.600000
2019-10-21 21:49:19, 10.600000, 15.900000
2019-10-21 21:49:21, 10.500000, 16.000000
2019-10-21 21:49:23, 10.500000, 16.500000
2019-10-21 21:49:26, 10.500000, 15.500000
2019-10-21 21:49:28, 10.400000, 15.500000
2019-10-21 21:49:30, 10.300000, 14.900000
2019-10-21 21:49:32, 10.200000, 14.600000
2019-10-21 21:49:34, 10.400000, 14.700000
2019-10-21 21:49:36, 10.100000, 14.200000
2019-10-21 21:49:38, 10.200000, 14.200000
2019-10-21 21:49:40, 10.200000, 14.000000
2019-10-21 21:49:42, 10.100000, 13.700000
2019-10-21 21:49:45, 10.100000, 13.900000
2019-10-21 21:49:47, 10.200000, 14.000000
2019-10-21 21:49:49, 10.100000, 13.800000
2019-10-21 21:49:51, 10.200000, 13.600000
2019-10-21 21:49:53, 10.400000, 13.800000
2019-10-21 21:49:55, 10.400000, 13.500000
2019-10-21 21:49:57, 10.100000, 13.300000
2019-10-21 21:49:59, 10.200000, 13.700000
2019-10-21 21:50:01, 10.400000, 14.100000
2019-10-21 21:50:03, 10.300000, 13.800000
2019-10-21 21:50:06, 10.300000, 13.600000
2019-10-21 21:50:08, 10.400000, 14.000000
2019-10-21 21:50:10, 10.500000, 14.600000
2019-10-21 21:50:12, 10.500000, 14.800000
2019-10-21 21:50:14, 10.700000, 15.300000
2019-10-21 21:50:16, 10.600000, 15.200000
2019-10-21 21:50:18, 10.700000, 15.600000
2019-10-21 21:50:20, 10.600000, 15.500000
2019-10-21 21:50:22, 10.400000, 15.500000
2019-10-21 21:50:24, 10.600000, 15.800000
2019-10-21 21:50:27, 10.500000, 16.400000
2019-10-21 21:50:29, 10.500000, 16.300000
2019-10-21 21:50:31, 10.700000, 17.200000
2019-10-21 21:50:33, 10.600000, 16.700000
2019-10-21 21:50:35, 10.600000, 16.600000
2019-10-21 21:50:37, 10.500000, 17.700000
2019-10-21 21:50:39, 10.400000, 17.200000
2019-10-21 21:50:41, 10.300000, 17.900000
2019-10-21 21:50:43, 10.300000, 17.600000
2019-10-21 21:50:45, 10.400000, 17.500000
2019-10-21 21:50:48, 10.400000, 17.400000
2019-10-21 21:50:50, 10.400000, 17.400000
2019-10-21 21:50:52, 10.500000, 18.100000
2019-10-21 21:50:54, 10.500000, 17.500000
2019-10-21 21:50:56, 10.700000, 17.300000
2019-10-21 21:50:58, 10.600000, 16.800000
2019-10-21 21:51:00, 10.700000, 16.300000
2019-10-21 21:51:02, 10.600000, 16.300000
2019-10-21 21:51:04, 11.100000, 17.500000
2019-10-21 21:51:06, 11.300000, 16.700000
2019-10-21 21:51:09, 11.300000, 16.500000
2019-10-21 21:51:11, 11.300000, 15.600000
2019-10-21 21:51:13, 11.400000, 16.300000
2019-10-21 21:51:15, 11.700000, 16.400000
2019-10-21 21:51:17, 11.600000, 16.200000
2019-10-21 21:51:19, 11.600000, 15.900000
2019-10-21 21:51:21, 11.600000, 15.400000
2019-10-21 21:51:23, 11.400000, 15.000000
2019-10-21 21:51:25, 11.300000, 14.900000
2019-10-21 21:51:27, 11.400000, 15.000000
2019-10-21 21:51:30, 11.300000, 15.800000
2019-10-21 21:51:32, 11.100000, 15.500000
2019-10-21 21:51:34, 10.700000, 15.200000
2019-10-21 21:51:36, 10.500000, 14.700000
2019-10-21 21:51:38, 10.400000, 14.800000
2019-10-21 21:51:40, 10.300000, 14.900000
2019-10-21 21:51:42, 10.300000, 14.700000
2019-10-21 21:51:44, 10.000000, 14.400000
2019-10-21 21:51:46, 10.000000, 14.500000
2019-10-21 21:51:48, 9.900000, 14.500000
2019-10-21 21:51:51, 9.700000, 14.300000
2019-10-21 21:51:53, 9.900000, 14.600000
2019-10-21 21:51:55, 9.800000, 14.400000
2019-10-21 21:51:57, 9.700000, 14.200000
2019-10-21 21:51:59, 9.700000, 13.300000
2019-10-21 21:52:01, 9.800000, 13.400000
2019-10-21 21:52:03, 9.600000, 13.200000
2019-10-21 21:52:05, 9.600000, 13.300000
2019-10-21 21:52:07, 9.700000, 13.300000
2019-10-21 21:52:09, 9.800000, 13.100000
2019-10-21 21:52:12, 9.600000, 12.800000
2019-10-21 21:52:14, 9.700000, 13.000000
2019-10-21 21:52:16, 9.800000, 13.200000
2019-10-21 21:52:18, 10.000000, 14.500000
2019-10-21 21:52:20, 10.100000, 14.700000
2019-10-21 21:52:22, 10.200000, 15.200000
2019-10-21 21:52:24, 10.100000, 15.100000
2019-10-21 21:52:26, 10.300000, 16.100000
2019-10-21 21:52:28, 10.200000, 16.200000
2019-10-21 21:52:30, 10.300000, 16.700000
2019-10-21 21:52:33, 10.400000, 16.900000
2019-10-21 21:52:35, 10.500000, 16.900000
2019-10-21 21:52:37, 10.500000, 17.100000
2019-10-21 21:52:39, 10.500000, 16.900000
2019-10-21 21:52:41, 10.800000, 17.100000
2019-10-21 21:52:43, 10.800000, 16.900000
2019-10-21 21:52:45, 10.800000, 17.200000
2019-10-21 21:52:47, 10.500000, 16.000000
2019-10-21 21:52:49, 10.500000, 15.900000
2019-10-21 21:52:51, 10.500000, 15.900000
2019-10-21 21:52:54, 10.600000, 16.400000
2019-10-21 21:52:56, 10.600000, 16.400000
2019-10-21 21:52:58, 10.600000, 15.800000
2019-10-21 21:53:00, 10.600000, 15.700000
2019-10-21 21:53:02, 10.700000, 15.200000
2019-10-21 21:53:04, 10.700000, 15.100000
2019-10-21 21:53:06, 10.800000, 15.400000
2019-10-21 21:53:08, 10.600000, 15.300000
2019-10-21 21:53:10, 10.400000, 15.500000
2019-10-21 21:53:12, 10.500000, 16.600000
2019-10-21 21:53:15, 10.200000, 15.700000
2019-10-21 21:53:17, 10.300000, 15.900000
2019-10-21 21:53:19, 10.400000, 16.100000
2019-10-21 21:53:21, 10.400000, 15.900000
2019-10-21 21:53:23, 10.500000, 16.300000
2019-10-21 21:53:25, 10.300000, 15.500000
2019-10-21 21:53:27, 10.400000, 15.700000
2019-10-21 21:53:29, 10.400000, 15.600000
2019-10-21 21:53:31, 10.100000, 15.400000
2019-10-21 21:53:34, 9.900000, 15.600000
2019-10-21 21:53:36, 10.000000, 16.100000
2019-10-21 21:53:38, 10.000000, 16.600000
2019-10-21 21:53:40, 10.100000, 16.700000
2019-10-21 21:53:42, 10.200000, 16.200000
2019-10-21 21:53:44, 10.000000, 16.100000
2019-10-21 21:53:46, 10.000000, 16.300000
2019-10-21 21:53:48, 10.000000, 17.600000
2019-10-21 21:53:50, 10.000000, 17.600000
2019-10-21 21:53:52, 9.800000, 17.400000
2019-10-21 21:53:55, 10.000000, 18.000000
2019-10-21 21:53:57, 9.900000, 18.100000
2019-10-21 21:53:59, 10.000000, 18.100000
2019-10-21 21:54:01, 10.300000, 19.800000
2019-10-21 21:54:03, 10.200000, 19.300000
2019-10-21 21:54:05, 10.200000, 18.600000
2019-10-21 21:54:07, 10.200000, 18.300000
2019-10-21 21:54:09, 10.100000, 17.900000
2019-10-21 21:54:11, 10.000000, 17.200000
2019-10-21 21:54:13, 10.200000, 17.400000
2019-10-21 21:54:16, 10.100000, 17.100000
2019-10-21 21:54:18, 10.000000, 16.500000
2019-10-21 21:54:20, 9.800000, 16.500000
2019-10-21 21:54:22, 10.000000, 16.900000
2019-10-21 21:54:24, 9.900000, 17.700000
2019-10-21 21:54:26, 10.000000, 17.700000
2019-10-21 21:54:28, 9.700000, 17.300000
2019-10-21 21:54:30, 9.600000, 15.800000
2019-10-21 21:54:32, 9.700000, 15.900000
2019-10-21 21:54:34, 9.700000, 15.800000
2019-10-21 21:54:37, 9.700000, 15.300000
2019-10-21 21:54:39, 9.600000, 15.600000
2019-10-21 21:54:41, 9.700000, 16.100000
2019-10-21 21:54:43, 9.600000, 16.200000
2019-10-21 21:54:45, 9.800000, 17.000000
2019-10-21 21:54:47, 9.800000, 17.200000
2019-10-21 21:54:49, 9.900000, 16.300000
2019-10-21 21:54:51, 9.900000, 15.800000
2019-10-21 21:54:53, 9.900000, 14.900000
2019-10-21 21:54:55, 10.000000, 15.100000
2019-10-21 21:54:58, 10.300000, 15.700000
2019-10-21 21:55:00, 10.300000, 15.900000
2019-10-21 21:55:02, 10.100000, 15.400000
2019-10-21 21:55:04, 10.300000, 16.300000
2019-10-21 21:55:06, 10.200000, 17.100000
2019-10-21 21:55:08, 10.100000, 16.700000
2019-10-21 21:55:10, 10.400000, 16.800000
2019-10-21 21:55:12, 10.600000, 18.200000
2019-10-21 21:55:14, 10.500000, 17.600000
2019-10-21 21:55:16, 10.700000, 17.900000
2019-10-21 21:55:19, 10.700000, 17.800000
2019-10-21 21:55:21, 10.700000, 17.900000
2019-10-21 21:55:23, 10.600000, 17.700000
2019-10-21 21:55:25, 10.500000, 17.300000
2019-10-21 21:55:27, 10.600000, 18.600000
2019-10-21 21:55:29, 10.700000, 19.800000
2019-10-21 21:55:31, 10.600000, 19.800000
2019-10-21 21:55:33, 10.700000, 19.000000
2019-10-21 21:55:35, 10.900000, 18.800000
2019-10-21 21:55:37, 11.000000, 19.200000
2019-10-21 21:55:40, 10.900000, 18.800000
2019-10-21 21:55:42, 10.700000, 18.500000
2019-10-21 21:55:44, 10.700000, 17.100000
2019-10-21 21:55:46, 10.500000, 16.500000
2019-10-21 21:55:48, 10.600000, 16.600000
2019-10-21 21:55:50, 10.700000, 17.200000
2019-10-21 21:55:52, 10.800000, 17.600000
2019-10-21 21:55:54, 10.900000, 17.500000
2019-10-21 21:55:56, 10.800000, 15.800000
2019-10-21 21:55:58, 10.800000, 14.700000
2019-10-21 21:56:01, 10.900000, 14.900000
2019-10-21 21:56:03, 11.100000, 15.400000
2019-10-21 21:56:05, 10.700000, 14.900000
2019-10-21 21:56:07, 10.700000, 14.500000
2019-10-21 21:56:09, 10.700000, 14.900000
2019-10-21 21:56:11, 10.800000, 15.700000
2019-10-21 21:56:13, 10.800000, 15.800000
2019-10-21 21:56:15, 10.800000, 15.900000
2019-10-21 21:56:17, 10.800000, 16.100000
2019-10-21 21:56:19, 10.600000, 15.300000
2019-10-21 21:56:22, 10.500000, 15.100000
2019-10-21 21:56:24, 10.500000, 15.000000
2019-10-21 21:56:26, 10.600000, 15.400000
2019-10-21 21:56:28, 10.500000, 15.400000
2019-10-21 21:56:30, 10.500000, 15.300000
2019-10-21 21:56:32, 10.500000, 14.900000
2019-10-21 21:56:34, 10.300000, 14.300000
2019-10-21 21:56:36, 10.500000, 14.700000
2019-10-21 21:56:38, 10.500000, 14.600000
2019-10-21 21:56:40, 10.300000, 14.500000
2019-10-21 21:56:43, 10.400000, 14.500000
2019-10-21 21:56:45, 10.100000, 14.300000
2019-10-21 21:56:47, 10.300000, 14.800000
2019-10-21 21:56:49, 10.100000, 14.600000
2019-10-21 21:56:51, 10.300000, 14.800000
2019-10-21 21:56:53, 10.300000, 14.900000
2019-10-21 21:56:55, 10.300000, 14.800000
2019-10-21 21:56:57, 10.300000, 16.200000
2019-10-21 21:56:59, 10.400000, 18.000000
2019-10-21 21:57:01, 10.200000, 17.800000
2019-10-21 21:57:04, 10.300000, 18.300000
2019-10-21 21:57:06, 10.400000, 18.600000
2019-10-21 21:57:08, 10.300000, 18.900000
2019-10-21 21:57:10, 10.200000, 17.900000
2019-10-21 21:57:12, 10.200000, 17.900000
2019-10-21 21:57:14, 10.100000, 17.500000
2019-10-21 21:57:16, 10.000000, 16.800000
2019-10-21 21:57:18, 10.100000, 17.100000
2019-10-21 21:57:20, 9.800000, 16.800000
2019-10-21 21:57:23, 10.000000, 18.000000
2019-10-21 21:57:25, 9.900000, 18.100000
2019-10-21 21:57:27, 9.900000, 16.500000
2019-10-21 21:57:29, 9.800000, 15.300000
2019-10-21 21:57:31, 9.800000, 15.700000
2019-10-21 21:57:33, 9.700000, 15.500000
2019-10-21 21:57:35, 9.700000, 15.600000
2019-10-21 21:57:37, 9.700000, 15.100000
2019-10-21 21:57:39, 9.900000, 14.800000
2019-10-21 21:57:41, 10.000000, 15.000000
2019-10-21 21:57:44, 10.200000, 15.200000
2019-10-21 21:57:46, 10.300000, 15.500000
2019-10-21 21:57:48, 10.400000, 16.200000
2019-10-21 21:57:50, 10.500000, 16.400000
2019-10-21 21:57:52, 10.600000, 15.800000
2019-10-21 21:57:54, 10.600000, 14.800000
2019-10-21 21:57:56, 10.700000, 15.500000
2019-10-21 21:57:58, 10.700000, 14.800000
2019-10-21 21:58:00, 10.600000, 14.200000
2019-10-21 21:58:02, 10.800000, 14.700000
2019-10-21 21:58:05, 10.800000, 14.500000
2019-10-21 21:58:07, 10.800000, 14.600000
2019-10-21 21:58:09, 10.900000, 14.700000
2019-10-21 21:58:11, 10.800000, 14.700000
2019-10-21 21:58:13, 11.000000, 15.000000
2019-10-21 21:58:15, 11.000000, 15.000000
2019-10-21 21:58:17, 10.700000, 14.200000
2019-10-21 21:58:19, 10.800000, 14.700000
2019-10-21 21:58:21, 10.500000, 14.600000
2019-10-21 21:58:23, 10.300000, 14.500000
2019-10-21 21:58:26, 10.200000, 14.200000
2019-10-21 21:58:28, 10.200000, 15.300000
2019-10-21 21:58:30, 10.400000, 16.200000
2019-10-21 21:58:32, 10.400000, 16.100000
2019-10-21 21:58:34, 10.300000, 16.100000
2019-10-21 21:58:36, 10.300000, 16.000000
2019-10-21 21:58:38, 10.400000, 16.500000
2019-10-21 21:58:40, 10.200000, 16.600000
2019-10-21 21:58:42, 10.100000, 16.800000
2019-10-21 21:58:44, 10.000000, 16.700000
2019-10-21 21:58:47, 10.100000, 16.800000
2019-10-21 21:58:49, 10.000000, 16.100000
2019-10-21 21:58:51, 10.000000, 15.800000
2019-10-21 21:58:53, 10.100000, 15.800000
2019-10-21 21:58:55, 10.100000, 16.000000
2019-10-21 21:58:57, 10.200000, 15.500000
2019-10-21 21:58:59, 10.200000, 14.500000
2019-10-21 21:59:01, 10.200000, 14.500000
2019-10-21 21:59:03, 10.300000, 14.500000
2019-10-21 21:59:05, 10.200000, 14.800000
2019-10-21 21:59:08, 10.100000, 14.400000
2019-10-21 21:59:10, 10.400000, 15.000000
2019-10-21 21:59:12, 10.300000, 14.700000
2019-10-21 21:59:14, 10.100000, 14.200000
2019-10-21 21:59:16, 10.100000, 14.300000
2019-10-21 21:59:18, 10.200000, 14.700000
2019-10-21 21:59:20, 10.300000, 15.300000
2019-10-21 21:59:22, 10.400000, 15.400000
2019-10-21 21:59:24, 10.300000, 15.300000
2019-10-21 21:59:26, 10.300000, 15.400000
2019-10-21 21:59:29, 10.100000, 15.400000
2019-10-21 21:59:31, 10.200000, 15.700000
2019-10-21 21:59:33, 10.000000, 15.800000
2019-10-21 21:59:35, 10.300000, 17.400000
2019-10-21 21:59:37, 10.400000, 17.300000
2019-10-21 21:59:39, 10.300000, 17.100000
2019-10-21 21:59:41, 10.300000, 17.000000
2019-10-21 21:59:43, 10.300000, 16.700000
2019-10-21 21:59:45, 10.500000, 16.800000
2019-10-21 21:59:47, 10.400000, 17.000000
2019-10-21 21:59:50, 10.300000, 16.500000
2019-10-21 21:59:52, 10.300000, 16.500000
2019-10-21 21:59:54, 10.200000, 16.300000
2019-10-21 21:59:56, 10.400000, 17.300000
2019-10-21 21:59:58, 10.700000, 17.900000
2019-10-21 22:00:00, 10.500000, 16.900000
2019-10-21 22:00:02, 10.500000, 16.700000
2019-10-21 22:00:04, 10.500000, 16.900000
2019-10-21 22:00:06, 10.300000, 15.900000
2019-10-21 22:00:08, 10.300000, 15.800000
2019-10-21 22:00:11, 10.200000, 17.000000
2019-10-21 22:00:13, 10.300000, 17.200000
2019-10-21 22:00:15, 10.100000, 17.000000
2019-10-21 22:00:17, 10.000000, 16.400000
2019-10-21 22:00:19, 10.000000, 16.600000
2019-10-21 22:00:21, 10.100000, 16.600000
2019-10-21 22:00:23, 10.100000, 16.800000
2019-10-21 22:00:25, 10.000000, 16.800000
2019-10-21 22:00:27, 9.800000, 16.500000
2019-10-21 22:00:29, 9.900000, 16.800000
2019-10-21 22:00:32, 9.700000, 16.700000
2019-10-21 22:00:34, 9.600000, 16.100000
2019-10-21 22:00:36, 9.700000, 16.300000
2019-10-21 22:00:38, 9.800000, 16.100000
2019-10-21 22:00:40, 9.700000, 15.100000
2019-10-21 22:00:42, 9.900000, 15.500000
2019-10-21 22:00:44, 9.800000, 15.100000
2019-10-21 22:00:46, 10.000000, 15.800000
2019-10-21 22:00:48, 10.000000, 15.700000
2019-10-21 22:00:50, 9.900000, 15.400000
2019-10-21 22:00:53, 9.800000, 15.300000
2019-10-21 22:00:55, 9.800000, 15.200000
2019-10-21 22:00:57, 9.900000, 14.900000
2019-10-21 22:00:59, 9.900000, 14.900000
2019-10-21 22:01:01, 9.900000, 15.400000
2019-10-21 22:01:03, 10.000000, 15.500000
2019-10-21 22:01:05, 10.000000, 15.200000
2019-10-21 22:01:07, 9.800000, 15.300000
2019-10-21 22:01:09, 9.700000, 15.900000
2019-10-21 22:01:12, 9.600000, 15.200000
2019-10-21 22:01:14, 9.600000, 15.500000
2019-10-21 22:01:16, 9.700000, 14.900000
2019-10-21 22:01:18, 9.700000, 15.100000
2019-10-21 22:01:20, 10.000000, 15.600000
2019-10-21 22:01:22, 9.900000, 15.700000
2019-10-21 22:01:24, 10.000000, 15.500000
2019-10-21 22:01:26, 10.000000, 14.800000
2019-10-21 22:01:28, 9.900000, 14.900000
2019-10-21 22:01:30, 10.100000, 14.200000
2019-10-21 22:01:33, 10.000000, 14.400000
2019-10-21 22:01:35, 10.000000, 15.900000
2019-10-21 22:01:37, 10.000000, 15.500000
2019-10-21 22:01:39, 10.100000, 15.900000
2019-10-21 22:01:41, 10.200000, 16.100000
2019-10-21 22:01:43, 10.500000, 16.500000
2019-10-21 22:01:45, 10.200000, 16.100000
2019-10-21 22:01:47, 10.100000, 16.200000
2019-10-21 22:01:49, 10.000000, 15.800000
2019-10-21 22:01:51, 10.100000, 16.000000
2019-10-21 22:01:54, 10.000000, 17.200000
2019-10-21 22:01:56, 10.100000, 17.800000
2019-10-21 22:01:58, 10.100000, 17.600000
2019-10-21 22:02:00, 10.000000, 17.500000
2019-10-21 22:02:02, 10.000000, 17.400000
2019-10-21 22:02:04, 10.100000, 16.300000
2019-10-21 22:02:06, 10.200000, 15.600000
2019-10-21 22:02:08, 10.000000, 15.800000
2019-10-21 22:02:10, 10.000000, 15.700000
2019-10-21 22:02:12, 10.000000, 15.400000
2019-10-21 22:02:15, 10.000000, 15.400000
2019-10-21 22:02:17, 10.100000, 16.100000
2019-10-21 22:02:19, 10.100000, 15.900000
2019-10-21 22:02:21, 10.000000, 15.900000
2019-10-21 22:02:23, 10.000000, 15.000000
2019-10-21 22:02:25, 10.100000, 14.700000
2019-10-21 22:02:27, 10.000000, 14.300000
2019-10-21 22:02:29, 9.900000, 14.400000
2019-10-21 22:02:31, 9.900000, 14.600000
2019-10-21 22:02:33, 9.900000, 14.800000
2019-10-21 22:02:36, 9.700000, 14.400000
2019-10-21 22:02:38, 9.900000, 14.200000
2019-10-21 22:02:40, 9.900000, 14.900000
2019-10-21 22:02:42, 10.000000, 15.100000
2019-10-21 22:02:44, 9.700000, 15.200000
2019-10-21 22:02:46, 10.000000, 15.600000
2019-10-21 22:02:48, 10.000000, 15.700000
2019-10-21 22:02:50, 10.000000, 15.700000
2019-10-21 22:02:52, 10.000000, 15.900000
2019-10-21 22:02:54, 10.000000, 15.600000
2019-10-21 22:02:57, 10.000000, 15.300000
2019-10-21 22:02:59, 10.000000, 15.200000
2019-10-21 22:03:01, 10.200000, 15.300000
2019-10-21 22:03:03, 10.100000, 14.900000
2019-10-21 22:03:05, 9.900000, 14.700000
2019-10-21 22:03:07, 9.900000, 14.700000
2019-10-21 22:03:09, 9.800000, 13.500000
2019-10-21 22:03:11, 9.700000, 13.500000
2019-10-21 22:03:13, 9.800000, 13.100000
2019-10-21 22:03:15, 9.800000, 12.200000
2019-10-21 22:03:18, 9.900000, 12.400000
2019-10-21 22:03:20, 10.000000, 12.800000
2019-10-21 22:03:22, 9.900000, 12.400000
2019-10-21 22:03:24, 10.100000, 12.600000
2019-10-21 22:03:26, 10.200000, 13.000000
2019-10-21 22:03:28, 10.100000, 13.100000
2019-10-21 22:03:30, 10.100000, 15.000000
2019-10-21 22:03:32, 9.800000, 14.800000
2019-10-21 22:03:34, 10.000000, 14.900000
2019-10-21 22:03:36, 10.000000, 14.800000
2019-10-21 22:03:39, 10.100000, 14.600000
2019-10-21 22:03:41, 9.900000, 14.400000
2019-10-21 22:03:43, 10.100000, 14.900000
2019-10-21 22:03:45, 10.000000, 14.800000
2019-10-21 22:03:47, 10.100000, 14.900000
2019-10-21 22:03:49, 9.800000, 14.400000
2019-10-21 22:03:51, 9.900000, 14.600000
2019-10-21 22:03:53, 9.900000, 14.900000
2019-10-21 22:03:55, 9.600000, 14.200000
2019-10-21 22:03:57, 9.700000, 14.200000
2019-10-21 22:04:00, 9.700000, 12.600000
2019-10-21 22:04:02, 9.800000, 12.700000
2019-10-21 22:04:04, 9.900000, 12.900000
2019-10-21 22:04:06, 9.900000, 13.000000
2019-10-21 22:04:08, 9.900000, 13.100000
2019-10-21 22:04:10, 10.100000, 13.400000
2019-10-21 22:04:12, 10.200000, 13.400000
2019-10-21 22:04:14, 10.100000, 13.100000
2019-10-21 22:04:16, 10.000000, 13.300000
2019-10-21 22:04:18, 10.100000, 13.900000
2019-10-21 22:04:21, 10.100000, 14.100000
2019-10-21 22:04:23, 10.100000, 13.900000
2019-10-21 22:04:25, 10.200000, 14.200000
2019-10-21 22:04:27, 10.200000, 14.200000
2019-10-21 22:04:29, 10.400000, 14.600000
2019-10-21 22:04:31, 10.300000, 14.800000
2019-10-21 22:04:33, 10.400000, 15.400000
2019-10-21 22:04:35, 10.400000, 16.000000
2019-10-21 22:04:37, 10.500000, 16.700000
2019-10-21 22:04:39, 10.600000, 16.600000
2019-10-21 22:04:42, 10.400000, 16.500000
2019-10-21 22:04:44, 10.600000, 17.400000
2019-10-21 22:04:46, 10.500000, 17.200000
2019-10-21 22:04:48, 10.400000, 16.400000
2019-10-21 22:04:50, 10.400000, 16.100000
2019-10-21 22:04:52, 10.500000, 16.200000
2019-10-21 22:04:54, 10.500000, 16.000000
2019-10-21 22:04:56, 10.500000, 16.600000
2019-10-21 22:04:58, 10.600000, 16.900000
2019-10-21 22:05:00, 10.500000, 16.400000
2019-10-21 22:05:03, 10.400000, 15.700000
2019-10-21 22:05:05, 10.300000, 14.800000
2019-10-21 22:05:07, 10.200000, 14.100000
2019-10-21 22:05:09, 10.100000, 14.200000
2019-10-21 22:05:11, 10.100000, 14.600000
2019-10-21 22:05:13, 10.100000, 14.200000
2019-10-21 22:05:15, 10.100000, 14.200000
2019-10-21 22:05:17, 10.200000, 14.600000
2019-10-21 22:05:19, 10.300000, 14.500000
2019-10-21 22:05:21, 10.100000, 14.300000
2019-10-21 22:05:24, 10.100000, 14.700000
2019-10-21 22:05:26, 10.100000, 14.200000
2019-10-21 22:05:28, 10.100000, 14.100000
2019-10-21 22:05:30, 10.200000, 14.000000
2019-10-21 22:05:32, 9.900000, 13.800000
2019-10-21 22:05:34, 10.000000, 14.200000
2019-10-21 22:05:36, 10.100000, 14.600000
2019-10-21 22:05:38, 10.200000, 14.800000
2019-10-21 22:05:40, 10.300000, 14.600000
2019-10-21 22:05:42, 10.100000, 14.300000
2019-10-21 22:05:45, 10.000000, 14.100000
2019-10-21 22:05:47, 10.000000, 14.200000
2019-10-21 22:05:49, 10.200000, 14.700000
2019-10-21 22:05:51, 10.400000, 15.000000
2019-10-21 22:05:53, 10.500000, 15.400000
2019-10-21 22:05:55, 10.600000, 15.100000
2019-10-21 22:05:57, 10.800000, 15.900000
2019-10-21 22:05:59, 10.900000, 16.000000
2019-10-21 22:06:01, 11.000000, 16.300000
2019-10-21 22:06:03, 11.100000, 16.300000
2019-10-21 22:06:06, 11.000000, 16.500000
2019-10-21 22:06:08, 10.900000, 16.200000
2019-10-21 22:06:10, 10.800000, 16.200000
2019-10-21 22:06:12, 10.700000, 16.500000
2019-10-21 22:06:14, 11.000000, 17.100000
2019-10-21 22:06:16, 10.800000, 16.500000
2019-10-21 22:06:18, 10.900000, 16.700000
2019-10-21 22:06:20, 10.800000, 16.400000
2019-10-21 22:06:22, 10.600000, 16.000000
2019-10-21 22:06:25, 10.300000, 16.500000
2019-10-21 22:06:27, 10.200000, 16.100000
2019-10-21 22:06:29, 10.000000, 15.700000
2019-10-21 22:06:31, 10.000000, 15.600000
2019-10-21 22:06:33, 10.000000, 15.700000
2019-10-21 22:06:35, 10.100000, 15.900000
2019-10-21 22:06:37, 10.200000, 15.900000
2019-10-21 22:06:39, 10.400000, 16.100000
2019-10-21 22:06:41, 10.500000, 16.200000
2019-10-21 22:06:43, 10.400000, 15.300000
2019-10-21 22:06:46, 10.600000, 15.700000
2019-10-21 22:06:48, 10.500000, 15.400000
2019-10-21 22:06:50, 10.400000, 15.800000
2019-10-21 22:06:52, 10.500000, 15.700000
2019-10-21 22:06:54, 10.400000, 15.500000
2019-10-21 22:06:56, 10.300000, 14.900000
2019-10-21 22:06:58, 10.400000, 15.500000
2019-10-21 22:07:00, 10.400000, 15.200000
2019-10-21 22:07:02, 10.300000, 14.700000
2019-10-21 22:07:04, 10.200000, 14.600000
2019-10-21 22:07:07, 10.200000, 15.000000
2019-10-21 22:07:09, 10.100000, 15.100000
2019-10-21 22:07:11, 10.100000, 15.000000
2019-10-21 22:07:13, 10.000000, 14.700000
2019-10-21 22:07:15, 9.900000, 14.600000
2019-10-21 22:07:17, 9.900000, 14.800000
2019-10-21 22:07:19, 9.900000, 14.600000
2019-10-21 22:07:21, 9.900000, 14.700000
2019-10-21 22:07:23, 9.700000, 14.200000
2019-10-21 22:07:25, 9.800000, 14.400000
2019-10-21 22:07:28, 9.700000, 13.700000
2019-10-21 22:07:30, 9.700000, 14.200000
2019-10-21 22:07:32, 9.700000, 14.300000
2019-10-21 22:07:34, 9.500000, 14.200000
2019-10-21 22:07:36, 9.600000, 13.600000
2019-10-21 22:07:38, 9.500000, 13.400000
2019-10-21 22:07:40, 9.400000, 13.900000
2019-10-21 22:07:42, 9.200000, 14.000000
2019-10-21 22:07:44, 9.200000, 13.900000
2019-10-21 22:07:46, 9.400000, 13.900000
2019-10-21 22:07:49, 9.500000, 14.200000
2019-10-21 22:07:51, 9.500000, 14.000000
2019-10-21 22:07:53, 9.700000, 14.300000
2019-10-21 22:07:55, 9.700000, 14.300000
2019-10-21 22:07:57, 9.800000, 14.700000
2019-10-21 22:07:59, 9.700000, 14.200000
2019-10-21 22:08:01, 9.700000, 14.300000
2019-10-21 22:08:03, 9.900000, 14.500000
2019-10-21 22:08:05, 9.800000, 14.100000
2019-10-21 22:08:07, 9.700000, 14.300000
2019-10-21 22:08:10, 9.900000, 14.100000
2019-10-21 22:08:12, 10.000000, 13.900000
2019-10-21 22:08:14, 10.000000, 15.000000
2019-10-21 22:08:16, 9.700000, 14.600000
2019-10-21 22:08:18, 9.500000, 14.500000
2019-10-21 22:08:20, 9.500000, 14.800000
2019-10-21 22:08:22, 9.700000, 15.100000
2019-10-21 22:08:24, 9.500000, 15.000000
2019-10-21 22:08:26, 9.500000, 15.500000
2019-10-21 22:08:28, 10.100000, 16.400000
2019-10-21 22:08:31, 10.300000, 16.800000
2019-10-21 22:08:33, 10.300000, 16.800000
2019-10-21 22:08:35, 10.300000, 17.200000
2019-10-21 22:08:37, 10.300000, 16.700000
2019-10-21 22:08:39, 10.400000, 16.400000
2019-10-21 22:08:41, 10.400000, 16.600000
2019-10-21 22:08:43, 10.200000, 15.600000
2019-10-21 22:08:45, 10.200000, 15.400000
2019-10-21 22:08:47, 10.300000, 15.700000
2019-10-21 22:08:49, 10.300000, 14.800000
2019-10-21 22:08:52, 10.200000, 14.700000
2019-10-21 22:08:54, 10.400000, 14.900000
2019-10-21 22:08:56, 10.400000, 14.100000
2019-10-21 22:08:58, 9.900000, 13.200000
2019-10-21 22:09:00, 10.100000, 13.600000
2019-10-21 22:09:02, 9.900000, 13.300000
2019-10-21 22:09:04, 10.000000, 14.100000
2019-10-21 22:09:06, 10.000000, 15.000000
2019-10-21 22:09:08, 10.000000, 14.800000
2019-10-21 22:09:10, 10.000000, 14.900000
2019-10-21 22:09:13, 10.100000, 15.400000
2019-10-21 22:09:15, 10.300000, 16.700000
2019-10-21 22:09:17, 10.200000, 16.500000
2019-10-21 22:09:19, 10.300000, 16.500000
2019-10-21 22:09:21, 10.400000, 16.900000
2019-10-21 22:09:23, 10.200000, 16.500000
2019-10-21 22:09:25, 10.000000, 16.200000
2019-10-21 22:09:27, 10.200000, 16.800000
2019-10-21 22:09:29, 10.200000, 16.800000
2019-10-21 22:09:31, 10.200000, 16.700000
2019-10-21 22:09:34, 10.000000, 16.300000
2019-10-21 22:09:36, 9.900000, 15.200000
2019-10-21 22:09:38, 9.900000, 15.500000
2019-10-21 22:09:40, 10.000000, 16.000000
2019-10-21 22:09:42, 10.000000, 15.500000
2019-10-21 22:09:44, 10.000000, 15.000000
2019-10-21 22:09:46, 10.200000, 15.200000
2019-10-21 22:09:48, 10.200000, 15.500000
2019-10-21 22:09:50, 10.000000, 15.100000
2019-10-21 22:09:52, 10.100000, 15.300000
2019-10-21 22:09:55, 10.100000, 15.400000
2019-10-21 22:09:57, 10.000000, 15.500000
2019-10-21 22:09:59, 10.100000, 15.600000
2019-10-21 22:10:01, 10.200000, 16.200000
2019-10-21 22:10:03, 10.400000, 16.300000
2019-10-21 22:10:05, 10.500000, 16.200000
2019-10-21 22:10:07, 10.500000, 17.100000
2019-10-21 22:10:09, 10.400000, 17.000000
2019-10-21 22:10:11, 10.500000, 16.600000
2019-10-21 22:10:13, 10.500000, 16.700000
2019-10-21 22:10:16, 10.200000, 15.800000
2019-10-21 22:10:18, 10.100000, 15.600000
2019-10-21 22:10:20, 10.100000, 15.700000
2019-10-21 22:10:22, 10.000000, 15.500000
2019-10-21 22:10:24, 10.200000, 15.700000
2019-10-21 22:10:26, 10.100000, 15.200000
2019-10-21 22:10:28, 10.100000, 15.300000
2019-10-21 22:10:30, 9.900000, 14.500000
2019-10-21 22:10:32, 9.700000, 14.200000
2019-10-21 22:10:34, 9.600000, 14.400000
2019-10-21 22:10:37, 9.400000, 13.000000
2019-10-21 22:10:39, 9.500000, 13.100000
2019-10-21 22:10:41, 9.400000, 13.000000
2019-10-21 22:10:43, 9.300000, 13.000000
2019-10-21 22:10:45, 9.500000, 13.500000
2019-10-21 22:10:47, 9.500000, 13.600000
2019-10-21 22:10:49, 9.600000, 14.200000
2019-10-21 22:10:51, 9.700000, 14.300000
2019-10-21 22:10:53, 9.700000, 14.200000
2019-10-21 22:10:55, 9.700000, 14.400000
2019-10-21 22:10:58, 9.900000, 14.400000
2019-10-21 22:11:00, 9.800000, 14.200000
2019-10-21 22:11:02, 9.900000, 14.800000
2019-10-21 22:11:04, 10.000000, 15.000000
2019-10-21 22:11:06, 10.200000, 15.300000
2019-10-21 22:11:08, 10.200000, 15.200000
2019-10-21 22:11:10, 10.400000, 15.900000
2019-10-21 22:11:12, 10.200000, 15.500000
2019-10-21 22:11:14, 10.200000, 15.200000
2019-10-21 22:11:16, 10.300000, 15.200000
2019-10-21 22:11:19, 10.300000, 15.000000
2019-10-21 22:11:21, 10.200000, 14.800000
2019-10-21 22:11:23, 10.200000, 15.200000
2019-10-21 22:11:25, 10.100000, 14.900000
2019-10-21 22:11:27, 10.000000, 14.800000
2019-10-21 22:11:29, 10.000000, 15.000000
2019-10-21 22:11:31, 10.000000, 15.100000
2019-10-21 22:11:33, 9.900000, 14.100000
2019-10-21 22:11:35, 9.900000, 14.100000
2019-10-21 22:11:37, 9.800000, 14.500000
2019-10-21 22:11:40, 9.700000, 13.600000
2019-10-21 22:11:42, 9.700000, 14.100000
2019-10-21 22:11:44, 9.900000, 14.800000
2019-10-21 22:11:46, 9.800000, 14.800000
2019-10-21 22:11:48, 9.700000, 14.500000
2019-10-21 22:11:50, 9.700000, 14.500000
2019-10-21 22:11:52, 9.800000, 14.600000
2019-10-21 22:11:54, 9.700000, 14.200000
2019-10-21 22:11:56, 9.800000, 14.800000
2019-10-21 22:11:58, 9.900000, 14.700000
2019-10-21 22:12:01, 9.900000, 14.500000
2019-10-21 22:12:03, 10.000000, 14.500000
2019-10-21 22:12:05, 10.100000, 14.800000
2019-10-21 22:12:07, 10.100000, 15.000000
2019-10-21 22:12:09, 10.200000, 16.900000
2019-10-21 22:12:11, 10.400000, 17.400000
2019-10-21 22:12:13, 10.200000, 17.800000
2019-10-21 22:12:15, 10.300000, 17.600000
2019-10-21 22:12:17, 10.400000, 18.100000
2019-10-21 22:12:19, 10.300000, 17.600000
2019-10-21 22:12:22, 10.300000, 17.900000
2019-10-21 22:12:24, 10.400000, 17.900000
2019-10-21 22:12:26, 10.300000, 17.900000
2019-10-21 22:12:28, 10.400000, 18.600000
2019-10-21 22:12:30, 10.200000, 18.100000
2019-10-21 22:12:32, 10.200000, 18.100000
2019-10-21 22:12:34, 10.000000, 18.200000
2019-10-21 22:12:36, 9.900000, 17.800000
2019-10-21 22:12:38, 9.900000, 16.500000
2019-10-21 22:12:40, 9.700000, 16.800000
2019-10-21 22:12:43, 9.600000, 15.200000
2019-10-21 22:12:45, 9.700000, 15.200000
2019-10-21 22:12:47, 9.600000, 15.000000
2019-10-21 22:12:49, 9.800000, 15.600000
2019-10-21 22:12:51, 9.800000, 15.300000
2019-10-21 22:12:53, 9.600000, 15.000000
2019-10-21 22:12:55, 9.600000, 15.000000
2019-10-21 22:12:57, 9.300000, 13.800000
2019-10-21 22:12:59, 9.200000, 13.700000
2019-10-21 22:13:01, 9.400000, 14.800000
2019-10-21 22:13:04, 9.600000, 14.900000
2019-10-21 22:13:06, 9.500000, 14.900000
2019-10-21 22:13:08, 9.600000, 14.700000
2019-10-21 22:13:10, 9.600000, 13.700000
2019-10-21 22:13:12, 9.800000, 14.100000
2019-10-21 22:13:14, 9.700000, 14.300000
2019-10-21 22:13:16, 9.600000, 14.300000
2019-10-21 22:13:18, 9.700000, 14.300000
2019-10-21 22:13:20, 9.900000, 14.900000
2019-10-21 22:13:23, 10.000000, 15.200000
2019-10-21 22:13:25, 10.000000, 14.900000
2019-10-21 22:13:27, 10.100000, 15.900000
2019-10-21 22:13:29, 10.100000, 15.900000
2019-10-21 22:13:31, 9.900000, 15.700000
2019-10-21 22:13:33, 9.800000, 15.400000
2019-10-21 22:13:35, 9.900000, 15.700000
2019-10-21 22:13:37, 9.900000, 16.000000
2019-10-21 22:13:39, 10.100000, 16.000000
2019-10-21 22:13:41, 10.000000, 16.900000
2019-10-21 22:13:44, 9.900000, 16.700000
2019-10-21 22:13:46, 9.900000, 16.100000
2019-10-21 22:13:48, 9.900000, 15.900000
2019-10-21 22:13:50, 9.800000, 15.700000
2019-10-21 22:13:52, 9.600000, 15.200000
2019-10-21 22:13:54, 9.700000, 15.900000
2019-10-21 22:13:56, 9.800000, 16.300000
2019-10-21 22:13:58, 9.900000, 16.500000
2019-10-21 22:14:00, 9.900000, 16.500000
2019-10-21 22:14:02, 9.900000, 15.800000
2019-10-21 22:14:05, 9.900000, 15.800000
2019-10-21 22:14:07, 10.000000, 15.600000
2019-10-21 22:14:09, 9.800000, 15.100000
2019-10-21 22:14:11, 9.800000, 14.200000
2019-10-21 22:14:13, 9.800000, 14.500000
2019-10-21 22:14:15, 9.700000, 14.700000
2019-10-21 22:14:17, 9.800000, 14.900000
2019-10-21 22:14:19, 9.500000, 14.600000
2019-10-21 22:14:21, 9.700000, 14.600000
2019-10-21 22:14:23, 9.600000, 14.000000
2019-10-21 22:14:26, 9.600000, 14.000000
2019-10-21 22:14:28, 9.800000, 13.800000
2019-10-21 22:14:30, 9.800000, 14.100000
2019-10-21 22:14:32, 9.900000, 14.100000
2019-10-21 22:14:34, 9.800000, 13.900000
2019-10-21 22:14:36, 9.700000, 13.900000
2019-10-21 22:14:38, 9.900000, 14.100000
2019-10-21 22:14:40, 9.800000, 14.400000
2019-10-21 22:14:42, 10.100000, 14.900000
2019-10-21 22:14:44, 10.200000, 15.700000
2019-10-21 22:14:47, 10.100000, 15.700000
2019-10-21 22:14:49, 10.200000, 16.000000
2019-10-21 22:14:51, 10.100000, 15.900000
2019-10-21 22:14:53, 10.100000, 15.900000
2019-10-21 22:14:55, 10.100000, 15.800000
2019-10-21 22:14:57, 10.100000, 15.500000
2019-10-21 22:14:59, 9.900000, 15.200000
2019-10-21 22:15:01, 9.900000, 15.300000
2019-10-21 22:15:03, 9.900000, 15.700000
2019-10-21 22:15:05, 10.100000, 16.100000
2019-10-21 22:15:08, 10.100000, 16.000000
2019-10-21 22:15:10, 10.200000, 16.900000
2019-10-21 22:15:12, 10.000000, 17.200000
2019-10-21 22:15:14, 10.000000, 17.000000
2019-10-21 22:15:16, 10.200000, 17.000000
2019-10-21 22:15:18, 10.200000, 16.800000
2019-10-21 22:15:20, 10.100000, 16.600000
2019-10-21 22:15:22, 10.100000, 16.700000
2019-10-21 22:15:24, 10.200000, 16.700000
2019-10-21 22:15:26, 10.300000, 17.100000
2019-10-21 22:15:29, 10.200000, 16.700000
2019-10-21 22:15:31, 10.200000, 16.200000
2019-10-21 22:15:33, 10.400000, 16.400000
2019-10-21 22:15:35, 10.200000, 16.100000
2019-10-21 22:15:37, 10.300000, 16.300000
2019-10-21 22:15:39, 10.300000, 15.300000
2019-10-21 22:15:41, 10.200000, 14.500000
2019-10-21 22:15:43, 10.500000, 14.800000
2019-10-21 22:15:45, 10.300000, 14.100000
2019-10-21 22:15:47, 10.300000, 14.300000
2019-10-21 22:15:50, 10.300000, 14.700000
2019-10-21 22:15:52, 10.400000, 15.000000
2019-10-21 22:15:54, 10.500000, 15.500000
2019-10-21 22:15:56, 10.600000, 15.300000
2019-10-21 22:15:58, 10.700000, 15.400000
2019-10-21 22:16:00, 10.600000, 15.300000
2019-10-21 22:16:02, 10.600000, 15.400000
2019-10-21 22:16:04, 10.600000, 15.400000
2019-10-21 22:16:06, 10.300000, 14.900000
2019-10-21 22:16:08, 10.400000, 15.200000
2019-10-21 22:16:11, 10.200000, 14.500000
2019-10-21 22:16:13, 10.200000, 14.600000
2019-10-21 22:16:15, 10.200000, 14.900000
2019-10-21 22:16:17, 10.200000, 14.900000
2019-10-21 22:16:19, 10.200000, 14.900000
2019-10-21 22:16:21, 10.300000, 15.300000
2019-10-21 22:16:23, 10.500000, 15.600000
2019-10-21 22:16:25, 10.200000, 14.900000
2019-10-21 22:16:27, 10.000000, 14.800000
2019-10-21 22:16:29, 10.000000, 15.100000
2019-10-21 22:16:32, 10.000000, 15.100000
2019-10-21 22:16:34, 10.000000, 15.400000
2019-10-21 22:16:36, 10.200000, 16.400000
2019-10-21 22:16:38, 10.100000, 16.700000
2019-10-21 22:16:40, 10.100000, 17.000000
2019-10-21 22:16:42, 10.000000, 16.700000
2019-10-21 22:16:44, 9.800000, 15.800000
2019-10-21 22:16:46, 9.900000, 16.000000
2019-10-21 22:16:48, 9.900000, 15.800000
2019-10-21 22:16:50, 9.800000, 15.700000
2019-10-21 22:16:53, 9.600000, 14.900000
2019-10-21 22:16:55, 9.700000, 15.300000
2019-10-21 22:16:57, 9.800000, 15.300000
2019-10-21 22:16:59, 9.800000, 15.300000
2019-10-21 22:17:01, 10.000000, 15.400000
2019-10-21 22:17:03, 9.900000, 15.300000
2019-10-21 22:17:05, 9.700000, 14.500000
2019-10-21 22:17:07, 9.800000, 14.100000
2019-10-21 22:17:09, 9.900000, 14.700000
2019-10-21 22:17:11, 9.900000, 14.700000
2019-10-21 22:17:14, 9.900000, 14.600000
2019-10-21 22:17:16, 10.100000, 15.200000
2019-10-21 22:17:18, 10.200000, 15.600000
2019-10-21 22:17:20, 10.100000, 15.400000
2019-10-21 22:17:22, 10.200000, 15.600000
2019-10-21 22:17:24, 10.300000, 15.400000
2019-10-21 22:17:26, 10.500000, 16.200000
2019-10-21 22:17:28, 10.600000, 16.500000
2019-10-21 22:17:30, 10.900000, 16.900000
2019-10-21 22:17:32, 10.700000, 17.100000
2019-10-21 22:17:35, 11.000000, 17.000000
2019-10-21 22:17:37, 11.100000, 17.300000
2019-10-21 22:17:39, 10.800000, 16.400000
2019-10-21 22:17:41, 10.900000, 17.300000
2019-10-21 22:17:43, 11.000000, 17.500000
2019-10-21 22:17:45, 11.000000, 17.200000
2019-10-21 22:17:47, 11.000000, 17.800000
2019-10-21 22:17:49, 11.000000, 17.600000
2019-10-21 22:17:51, 11.100000, 18.000000
2019-10-21 22:17:53, 11.000000, 17.900000
2019-10-21 22:17:56, 11.100000, 18.600000
2019-10-21 22:17:58, 10.800000, 18.100000
2019-10-21 22:18:00, 10.700000, 18.200000
2019-10-21 22:18:02, 10.800000, 18.200000
2019-10-21 22:18:04, 10.500000, 17.900000
2019-10-21 22:18:06, 10.600000, 17.500000
2019-10-21 22:18:08, 10.600000, 17.500000
2019-10-21 22:18:10, 10.700000, 16.700000
2019-10-21 22:18:12, 10.800000, 16.600000
2019-10-21 22:18:14, 10.600000, 16.600000
2019-10-21 22:18:17, 10.500000, 16.000000
2019-10-21 22:18:19, 10.400000, 15.700000
2019-10-21 22:18:21, 10.400000, 15.200000
2019-10-21 22:18:23, 10.300000, 15.200000
2019-10-21 22:18:25, 10.200000, 14.400000
2019-10-21 22:18:27, 10.000000, 13.700000
2019-10-21 22:18:29, 9.900000, 13.100000
2019-10-21 22:18:31, 9.700000, 12.800000
2019-10-21 22:18:33, 9.700000, 12.600000
2019-10-21 22:18:35, 9.600000, 12.700000
2019-10-21 22:18:38, 9.600000, 12.800000
2019-10-21 22:18:40, 9.500000, 12.500000
2019-10-21 22:18:42, 9.400000, 13.300000
2019-10-21 22:18:44, 9.700000, 14.100000
2019-10-21 22:18:46, 9.700000, 14.200000
2019-10-21 22:18:48, 9.600000, 14.100000
2019-10-21 22:18:50, 9.500000, 14.000000
2019-10-21 22:18:52, 9.600000, 14.100000
2019-10-21 22:18:54, 9.500000, 14.600000
2019-10-21 22:18:56, 9.600000, 14.400000
2019-10-21 22:18:59, 9.800000, 14.400000
2019-10-21 22:19:01, 9.900000, 14.700000
2019-10-21 22:19:03, 9.900000, 14.600000
2019-10-21 22:19:05, 9.900000, 14.600000
2019-10-21 22:19:07, 10.000000, 14.700000
2019-10-21 22:19:09, 10.000000, 14.600000
2019-10-21 22:19:11, 10.000000, 13.900000
2019-10-21 22:19:13, 9.700000, 13.700000
2019-10-21 22:19:15, 9.800000, 13.500000
2019-10-21 22:19:18, 9.800000, 13.800000
2019-10-21 22:19:20, 10.000000, 14.100000
2019-10-21 22:19:22, 10.000000, 14.200000
2019-10-21 22:19:24, 10.100000, 13.700000
2019-10-21 22:19:26, 10.200000, 14.300000
2019-10-21 22:19:28, 10.100000, 14.200000
2019-10-21 22:19:30, 10.000000, 14.200000
2019-10-21 22:19:32, 9.900000, 14.700000
2019-10-21 22:19:34, 10.000000, 15.500000
2019-10-21 22:19:36, 10.100000, 15.600000
2019-10-21 22:19:39, 10.000000, 16.400000
2019-10-21 22:19:41, 9.900000, 16.400000
2019-10-21 22:19:43, 9.900000, 16.400000
2019-10-21 22:19:45, 9.600000, 15.900000
2019-10-21 22:19:47, 9.700000, 15.800000
2019-10-21 22:19:49, 9.600000, 17.200000
2019-10-21 22:19:51, 9.800000, 17.900000
2019-10-21 22:19:53, 9.600000, 17.700000
2019-10-21 22:19:55, 9.600000, 18.000000
2019-10-21 22:19:57, 9.600000, 18.100000
2019-10-21 22:20:00, 9.900000, 18.300000
2019-10-21 22:20:02, 9.900000, 18.000000
2019-10-21 22:20:04, 10.000000, 17.700000
2019-10-21 22:20:06, 9.800000, 17.400000
2019-10-21 22:20:08, 9.700000, 16.200000
2019-10-21 22:20:10, 9.800000, 16.500000
2019-10-21 22:20:12, 10.000000, 17.700000
2019-10-21 22:20:14, 10.000000, 18.400000
2019-10-21 22:20:16, 10.100000, 17.900000
2019-10-21 22:20:18, 10.100000, 17.900000
2019-10-21 22:20:21, 10.000000, 15.900000
2019-10-21 22:20:23, 10.200000, 16.400000
2019-10-21 22:20:25, 10.200000, 15.800000
2019-10-21 22:20:27, 10.200000, 17.500000
2019-10-21 22:20:29, 10.000000, 17.100000
2019-10-21 22:20:31, 10.000000, 16.600000
2019-10-21 22:20:33, 10.000000, 17.600000
2019-10-21 22:20:35, 10.100000, 17.700000
2019-10-21 22:20:37, 10.200000, 17.700000
2019-10-21 22:20:39, 10.400000, 18.000000
2019-10-21 22:20:42, 10.300000, 17.700000
2019-10-21 22:20:44, 10.300000, 16.700000
2019-10-21 22:20:46, 10.500000, 17.000000
2019-10-21 22:20:48, 10.500000, 17.300000
2019-10-21 22:20:50, 10.700000, 17.300000
2019-10-21 22:20:52, 10.500000, 16.900000
2019-10-21 22:20:54, 10.500000, 17.700000
2019-10-21 22:20:56, 10.500000, 17.300000
2019-10-21 22:20:58, 10.500000, 16.500000
2019-10-21 22:21:00, 10.600000, 16.800000
2019-10-21 22:21:03, 10.400000, 15.500000
2019-10-21 22:21:05, 10.200000, 15.500000
2019-10-21 22:21:07, 10.200000, 15.600000
2019-10-21 22:21:09, 10.100000, 15.700000
2019-10-21 22:21:11, 10.300000, 15.400000
2019-10-21 22:21:13, 10.200000, 14.800000
2019-10-21 22:21:15, 10.000000, 14.700000
2019-10-21 22:21:17, 9.900000, 15.000000
2019-10-21 22:21:19, 9.900000, 15.200000
2019-10-21 22:21:21, 9.900000, 15.600000
2019-10-21 22:21:24, 9.800000, 15.300000
2019-10-21 22:21:26, 9.800000, 14.500000
2019-10-21 22:21:28, 9.700000, 14.000000
2019-10-21 22:21:30, 9.700000, 14.000000
2019-10-21 22:21:32, 9.700000, 14.300000
2019-10-21 22:21:34, 9.800000, 14.300000
2019-10-21 22:21:36, 9.800000, 14.700000
2019-10-21 22:21:38, 9.600000, 14.500000
2019-10-21 22:21:40, 9.400000, 14.300000
2019-10-21 22:21:42, 9.100000, 14.200000
2019-10-21 22:21:45, 9.100000, 14.700000
2019-10-21 22:21:47, 9.100000, 14.000000
2019-10-21 22:21:49, 9.200000, 14.100000
2019-10-21 22:21:51, 9.300000, 14.300000
2019-10-21 22:21:53, 9.300000, 14.500000
2019-10-21 22:21:55, 9.500000, 15.500000
2019-10-21 22:21:57, 9.400000, 15.200000
2019-10-21 22:21:59, 9.500000, 15.200000
2019-10-21 22:22:01, 9.400000, 15.200000
2019-10-21 22:22:03, 9.500000, 15.000000
2019-10-21 22:22:06, 9.500000, 14.500000
2019-10-21 22:22:08, 9.600000, 15.300000
2019-10-21 22:22:10, 9.700000, 14.900000
2019-10-21 22:22:12, 9.800000, 15.200000
2019-10-21 22:22:14, 9.700000, 14.700000
2019-10-21 22:22:16, 9.700000, 15.000000
2019-10-21 22:22:18, 9.700000, 14.700000
2019-10-21 22:22:20, 9.500000, 14.400000
2019-10-21 22:22:22, 9.500000, 14.600000
2019-10-21 22:22:24, 9.500000, 13.700000
2019-10-21 22:22:27, 9.300000, 13.400000
2019-10-21 22:22:29, 9.500000, 13.800000
2019-10-21 22:22:31, 9.500000, 13.500000
2019-10-21 22:22:33, 9.600000, 14.100000
2019-10-21 22:22:35, 9.800000, 14.200000
2019-10-21 22:22:37, 9.700000, 13.500000
2019-10-21 22:22:39, 9.800000, 13.600000
2019-10-21 22:22:41, 9.800000, 14.500000
2019-10-21 22:22:43, 9.800000, 14.100000
2019-10-21 22:22:45, 9.900000, 14.100000
2019-10-21 22:22:48, 9.900000, 13.900000
2019-10-21 22:22:50, 9.900000, 15.200000
2019-10-21 22:22:52, 10.100000, 15.700000
2019-10-21 22:22:54, 10.100000, 16.000000
2019-10-21 22:22:56, 10.300000, 16.300000
2019-10-21 22:22:58, 10.200000, 16.400000
2019-10-21 22:23:00, 10.000000, 16.100000
2019-10-21 22:23:02, 10.100000, 16.400000
2019-10-21 22:23:04, 10.000000, 16.000000
2019-10-21 22:23:06, 9.800000, 15.900000
2019-10-21 22:23:09, 10.000000, 16.600000
2019-10-21 22:23:11, 9.800000, 16.100000
2019-10-21 22:23:13, 9.900000, 15.700000
2019-10-21 22:23:15, 9.900000, 16.000000
2019-10-21 22:23:17, 9.800000, 16.000000
2019-10-21 22:23:19, 9.900000, 15.200000
2019-10-21 22:23:21, 9.800000, 15.200000
2019-10-21 22:23:23, 9.700000, 14.900000
2019-10-21 22:23:25, 9.600000, 14.600000
2019-10-21 22:23:27, 9.500000, 14.300000
2019-10-21 22:23:30, 9.600000, 14.700000
2019-10-21 22:23:32, 9.700000, 14.500000
2019-10-21 22:23:34, 9.900000, 15.500000
2019-10-21 22:23:36, 10.100000, 15.700000
2019-10-21 22:23:38, 10.100000, 15.500000
2019-10-21 22:23:40, 10.200000, 15.900000
2019-10-21 22:23:42, 10.300000, 15.800000
2019-10-21 22:23:44, 10.100000, 15.900000
2019-10-21 22:23:46, 10.000000, 15.800000
2019-10-21 22:23:48, 9.900000, 15.700000
2019-10-21 22:23:51, 9.900000, 14.400000
2019-10-21 22:23:53, 9.900000, 14.200000
2019-10-21 22:23:55, 10.000000, 14.600000
2019-10-21 22:23:57, 10.200000, 14.900000
2019-10-21 22:23:59, 10.200000, 14.700000
2019-10-21 22:24:01, 10.100000, 15.700000
2019-10-21 22:24:03, 9.900000, 14.700000
2019-10-21 22:24:05, 9.700000, 14.400000
2019-10-21 22:24:07, 9.700000, 14.700000
2019-10-21 22:24:09, 9.500000, 13.900000
2019-10-21 22:24:12, 9.400000, 13.900000
2019-10-21 22:24:14, 9.500000, 14.200000
2019-10-21 22:24:16, 9.400000, 13.500000
2019-10-21 22:24:18, 9.600000, 14.100000
2019-10-21 22:24:20, 9.600000, 14.600000
2019-10-21 22:24:22, 9.500000, 14.700000
2019-10-21 22:24:24, 9.400000, 14.600000
2019-10-21 22:24:26, 9.300000, 14.300000
2019-10-21 22:24:28, 9.300000, 14.200000
2019-10-21 22:24:30, 9.500000, 14.300000
2019-10-21 22:24:33, 9.600000, 13.800000
2019-10-21 22:24:35, 9.400000, 13.900000
2019-10-21 22:24:37, 9.300000, 13.500000
2019-10-21 22:24:39, 9.300000, 13.500000
2019-10-21 22:24:41, 9.500000, 13.600000
2019-10-21 22:24:43, 9.400000, 13.100000
2019-10-21 22:24:45, 9.600000, 13.700000
2019-10-21 22:24:47, 9.700000, 14.200000
2019-10-21 22:24:49, 9.500000, 13.200000
2019-10-21 22:24:51, 9.600000, 13.800000
2019-10-21 22:24:54, 9.600000, 13.900000
2019-10-21 22:24:56, 9.700000, 14.100000
2019-10-21 22:24:58, 9.500000, 13.800000
2019-10-21 22:25:00, 9.500000, 13.600000
2019-10-21 22:25:02, 9.500000, 13.500000
2019-10-21 22:25:04, 9.600000, 13.200000
2019-10-21 22:25:06, 9.700000, 13.400000
2019-10-21 22:25:08, 9.700000, 13.400000
2019-10-21 22:25:10, 9.800000, 13.600000
2019-10-21 22:25:12, 9.800000, 13.800000
2019-10-21 22:25:15, 9.700000, 14.500000
2019-10-21 22:25:17, 9.700000, 14.600000
2019-10-21 22:25:19, 9.800000, 15.500000
2019-10-21 22:25:21, 9.900000, 15.300000
2019-10-21 22:25:23, 9.900000, 15.300000
2019-10-21 22:25:25, 10.000000, 16.500000
2019-10-21 22:25:27, 10.100000, 16.800000
2019-10-21 22:25:29, 9.900000, 16.800000
2019-10-21 22:25:31, 9.900000, 16.900000
2019-10-21 22:25:34, 10.000000, 17.800000
2019-10-21 22:25:36, 10.000000, 17.800000
2019-10-21 22:25:38, 10.100000, 18.200000
2019-10-21 22:25:40, 10.200000, 18.400000
2019-10-21 22:25:42, 10.300000, 18.300000
2019-10-21 22:25:44, 10.200000, 17.500000
2019-10-21 22:25:46, 10.200000, 17.100000
2019-10-21 22:25:48, 10.300000, 17.700000
2019-10-21 22:25:50, 10.200000, 16.900000
2019-10-21 22:25:52, 10.300000, 17.000000
2019-10-21 22:25:55, 10.100000, 16.200000
2019-10-21 22:25:57, 10.000000, 16.200000
2019-10-21 22:25:59, 9.900000, 15.700000
2019-10-21 22:26:01, 10.100000, 16.100000
2019-10-21 22:26:03, 10.100000, 15.500000
2019-10-21 22:26:05, 9.900000, 15.200000
2019-10-21 22:26:07, 9.900000, 15.100000
2019-10-21 22:26:09, 9.600000, 14.500000
2019-10-21 22:26:11, 9.800000, 15.100000
2019-10-21 22:26:13, 9.800000, 15.000000
2019-10-21 22:26:16, 9.900000, 14.700000
2019-10-21 22:26:18, 10.000000, 15.000000
2019-10-21 22:26:20, 9.600000, 13.600000
2019-10-21 22:26:22, 9.600000, 13.600000
2019-10-21 22:26:24, 9.800000, 13.700000
2019-10-21 22:26:26, 9.800000, 13.700000
2019-10-21 22:26:28, 10.000000, 14.200000
2019-10-21 22:26:30, 10.100000, 13.800000
2019-10-21 22:26:32, 10.100000, 13.800000
2019-10-21 22:26:34, 10.100000, 13.600000
2019-10-21 22:26:37, 10.100000, 14.500000
2019-10-21 22:26:39, 10.300000, 15.100000
2019-10-21 22:26:41, 10.300000, 15.000000
2019-10-21 22:26:43, 10.200000, 14.700000
2019-10-21 22:26:45, 10.000000, 14.300000
2019-10-21 22:26:47, 9.900000, 14.800000
2019-10-21 22:26:49, 10.000000, 14.900000
2019-10-21 22:26:51, 10.000000, 14.900000
2019-10-21 22:26:53, 10.100000, 15.200000
2019-10-21 22:26:55, 10.000000, 15.700000
2019-10-21 22:26:58, 9.900000, 15.400000
2019-10-21 22:27:00, 9.800000, 15.700000
2019-10-21 22:27:02, 9.800000, 15.700000
2019-10-21 22:27:04, 9.800000, 15.700000
2019-10-21 22:27:06, 9.700000, 14.600000
2019-10-21 22:27:08, 9.700000, 14.400000
2019-10-21 22:27:10, 9.800000, 14.600000
2019-10-21 22:27:12, 9.800000, 14.800000
2019-10-21 22:27:14, 9.800000, 15.100000
2019-10-21 22:27:16, 9.900000, 14.900000
2019-10-21 22:27:19, 9.900000, 14.600000
2019-10-21 22:27:21, 10.000000, 14.900000
2019-10-21 22:27:23, 10.100000, 14.700000
2019-10-21 22:27:25, 10.200000, 14.300000
2019-10-21 22:27:27, 10.300000, 14.500000
2019-10-21 22:27:29, 10.300000, 14.200000
2019-10-21 22:27:31, 10.400000, 14.100000
2019-10-21 22:27:33, 10.300000, 14.200000
2019-10-21 22:27:35, 10.200000, 13.800000
2019-10-21 22:27:37, 10.100000, 13.900000
2019-10-21 22:27:40, 10.100000, 14.000000
2019-10-21 22:27:42, 10.000000, 14.400000
2019-10-21 22:27:44, 10.400000, 15.600000
2019-10-21 22:27:46, 10.200000, 15.000000
2019-10-21 22:27:48, 10.300000, 15.300000
2019-10-21 22:27:50, 10.300000, 15.600000
2019-10-21 22:27:52, 10.300000, 15.100000
2019-10-21 22:27:54, 10.200000, 15.100000
2019-10-21 22:27:56, 10.300000, 15.200000
2019-10-21 22:27:58, 10.300000, 15.200000
2019-10-21 22:28:01, 10.300000, 15.400000
2019-10-21 22:28:03, 10.400000, 15.600000
2019-10-21 22:28:05, 10.500000, 16.000000
2019-10-21 22:28:07, 10.500000, 16.100000
2019-10-21 22:28:09, 10.700000, 16.900000
2019-10-21 22:28:11, 10.800000, 16.900000
2019-10-21 22:28:13, 10.500000, 15.600000
2019-10-21 22:28:15, 10.600000, 16.000000
2019-10-21 22:28:17, 10.500000, 15.900000
2019-10-21 22:28:19, 10.600000, 15.600000
2019-10-21 22:28:22, 10.800000, 16.200000
2019-10-21 22:28:24, 10.900000, 16.400000
2019-10-21 22:28:26, 10.800000, 16.300000
2019-10-21 22:28:28, 10.800000, 15.600000
2019-10-21 22:28:30, 10.900000, 15.500000
2019-10-21 22:28:32, 10.900000, 15.500000
2019-10-21 22:28:34, 10.800000, 15.200000
2019-10-21 22:28:36, 10.900000, 15.400000
2019-10-21 22:28:38, 10.900000, 15.000000
2019-10-21 22:28:40, 10.700000, 14.200000
2019-10-21 22:28:43, 10.700000, 14.300000
2019-10-21 22:28:45, 10.700000, 14.500000
2019-10-21 22:28:47, 10.900000, 14.700000
2019-10-21 22:28:49, 10.900000, 14.500000
2019-10-21 22:28:51, 10.600000, 13.900000
2019-10-21 22:28:53, 10.600000, 14.000000
2019-10-21 22:28:55, 10.500000, 14.100000
2019-10-21 22:28:57, 10.200000, 14.100000
2019-10-21 22:28:59, 10.200000, 14.100000
2019-10-21 22:29:01, 9.900000, 14.100000
2019-10-21 22:29:04, 10.000000, 14.200000
2019-10-21 22:29:06, 10.100000, 14.300000
2019-10-21 22:29:08, 10.200000, 14.500000
2019-10-21 22:29:10, 10.100000, 14.900000
2019-10-21 22:29:12, 10.000000, 14.700000
2019-10-21 22:29:14, 9.900000, 14.200000
2019-10-21 22:29:16, 9.700000, 14.000000
2019-10-21 22:29:18, 9.600000, 14.300000
2019-10-21 22:29:20, 9.600000, 14.000000
2019-10-21 22:29:22, 9.500000, 14.100000
2019-10-21 22:29:25, 9.500000, 13.900000
2019-10-21 22:29:27, 9.400000, 13.700000
2019-10-21 22:29:29, 9.600000, 13.800000
2019-10-21 22:29:31, 9.700000, 13.700000
2019-10-21 22:29:33, 9.600000, 13.600000
2019-10-21 22:29:35, 9.400000, 13.300000
2019-10-21 22:29:37, 9.400000, 12.800000
2019-10-21 22:29:39, 9.300000, 12.600000
2019-10-21 22:29:41, 9.200000, 12.100000
2019-10-21 22:29:43, 9.100000, 12.000000
2019-10-21 22:29:46, 9.300000, 12.200000
2019-10-21 22:29:48, 9.300000, 12.100000
2019-10-21 22:29:50, 9.500000, 12.200000
2019-10-21 22:29:52, 9.700000, 12.500000
2019-10-21 22:29:54, 9.600000, 12.400000
2019-10-21 22:29:56, 9.700000, 12.400000
2019-10-21 22:29:58, 9.700000, 12.700000
2019-10-21 22:30:00, 9.800000, 13.000000
2019-10-21 22:30:02, 9.900000, 13.100000
2019-10-21 22:30:04, 9.900000, 13.300000
2019-10-21 22:30:07, 9.900000, 13.200000
2019-10-21 22:30:09, 9.800000, 13.100000
2019-10-21 22:30:11, 9.800000, 13.200000
2019-10-21 22:30:13, 10.000000, 13.200000
2019-10-21 22:30:15, 9.800000, 13.600000
2019-10-21 22:30:17, 9.800000, 13.500000
2019-10-21 22:30:19, 9.500000, 13.300000
2019-10-21 22:30:21, 9.400000, 13.100000
2019-10-21 22:30:23, 9.600000, 13.600000
2019-10-21 22:30:25, 9.500000, 13.700000
2019-10-21 22:30:28, 9.500000, 13.700000
2019-10-21 22:30:30, 9.600000, 13.600000
2019-10-21 22:30:32, 9.600000, 13.800000
2019-10-21 22:30:34, 9.700000, 17.100000
2019-10-21 22:30:36, 10.000000, 18.100000
2019-10-21 22:30:38, 10.100000, 18.200000
2019-10-21 22:30:40, 9.900000, 17.900000
2019-10-21 22:30:42, 9.900000, 17.700000
2019-10-21 22:30:44, 9.900000, 17.700000
2019-10-21 22:30:46, 9.800000, 17.600000
2019-10-21 22:30:49, 9.900000, 17.700000
2019-10-21 22:30:51, 9.900000, 17.400000
2019-10-21 22:30:53, 9.900000, 17.200000
2019-10-21 22:30:55, 9.800000, 17.000000
2019-10-21 22:30:57, 9.700000, 16.700000
2019-10-21 22:30:59, 9.700000, 16.800000
2019-10-21 22:31:01, 9.500000, 16.400000
2019-10-21 22:31:03, 9.400000, 12.900000
2019-10-21 22:31:05, 9.400000, 12.400000
2019-10-21 22:31:08, 9.400000, 12.100000
2019-10-21 22:31:10, 9.400000, 12.500000
2019-10-21 22:31:12, 9.400000, 13.000000
2019-10-21 22:31:14, 9.400000, 12.700000
2019-10-21 22:31:16, 9.400000, 12.800000
2019-10-21 22:31:18, 9.500000, 13.000000
2019-10-21 22:31:20, 9.600000, 13.200000
2019-10-21 22:31:22, 9.600000, 13.300000
2019-10-21 22:31:24, 9.500000, 13.100000
2019-10-21 22:31:26, 9.500000, 13.100000
2019-10-21 22:31:29, 9.500000, 13.400000
2019-10-21 22:31:31, 9.500000, 13.100000
2019-10-21 22:31:33, 9.500000, 13.000000
2019-10-21 22:31:35, 9.500000, 13.000000
2019-10-21 22:31:37, 9.300000, 12.900000
2019-10-21 22:31:39, 9.400000, 12.700000
2019-10-21 22:31:41, 9.600000, 12.800000
2019-10-21 22:31:43, 9.700000, 13.000000
2019-10-21 22:31:45, 9.700000, 12.700000
2019-10-21 22:31:47, 9.700000, 12.800000
2019-10-21 22:31:50, 9.700000, 12.800000
2019-10-21 22:31:52, 9.800000, 13.200000
2019-10-21 22:31:54, 9.800000, 13.500000
2019-10-21 22:31:56, 9.900000, 13.600000
2019-10-21 22:31:58, 9.900000, 14.100000
2019-10-21 22:32:00, 9.800000, 13.900000
2019-10-21 22:32:02, 9.800000, 14.000000
2019-10-21 22:32:04, 9.700000, 14.000000
2019-10-21 22:32:06, 9.800000, 13.900000
2019-10-21 22:32:08, 9.800000, 14.300000
2019-10-21 22:32:11, 9.500000, 14.600000
2019-10-21 22:32:13, 9.500000, 14.600000
2019-10-21 22:32:15, 9.600000, 15.300000
2019-10-21 22:32:17, 9.500000, 15.400000
2019-10-21 22:32:19, 9.600000, 15.600000
2019-10-21 22:32:21, 9.400000, 14.800000
2019-10-21 22:32:23, 9.500000, 14.900000
2019-10-21 22:32:25, 9.400000, 14.800000
2019-10-21 22:32:27, 9.400000, 14.100000
2019-10-21 22:32:29, 9.500000, 14.300000
2019-10-21 22:32:32, 9.600000, 14.500000
2019-10-21 22:32:34, 9.700000, 14.500000
2019-10-21 22:32:36, 9.800000, 15.200000
2019-10-21 22:32:38, 9.900000, 15.200000
2019-10-21 22:32:40, 9.900000, 14.200000
2019-10-21 22:32:42, 9.900000, 14.200000
2019-10-21 22:32:44, 9.700000, 13.700000
2019-10-21 22:32:46, 9.800000, 13.600000
2019-10-21 22:32:48, 9.800000, 13.700000
2019-10-21 22:32:50, 9.800000, 13.600000
2019-10-21 22:32:53, 9.900000, 14.000000
2019-10-21 22:32:55, 9.700000, 14.200000
2019-10-21 22:32:57, 9.900000, 14.500000
2019-10-21 22:32:59, 10.200000, 17.100000
2019-10-21 22:33:01, 9.900000, 16.300000
2019-10-21 22:33:03, 9.800000, 16.100000
2019-10-21 22:33:05, 9.600000, 15.400000
2019-10-21 22:33:07, 9.400000, 15.100000
2019-10-21 22:33:09, 9.500000, 16.100000
2019-10-21 22:33:11, 9.600000, 17.200000
2019-10-21 22:33:14, 9.800000, 17.600000
2019-10-21 22:33:16, 9.700000, 17.200000
2019-10-21 22:33:18, 9.700000, 17.900000
2019-10-21 22:33:20, 9.500000, 17.600000
2019-10-21 22:33:22, 9.500000, 16.900000
2019-10-21 22:33:24, 9.500000, 16.400000
2019-10-21 22:33:26, 9.300000, 16.100000
2019-10-21 22:33:28, 9.200000, 14.000000
2019-10-21 22:33:30, 9.300000, 14.400000
2019-10-21 22:33:32, 9.300000, 14.500000
2019-10-21 22:33:35, 9.500000, 15.100000
2019-10-21 22:33:37, 9.800000, 15.700000
2019-10-21 22:33:39, 9.600000, 15.500000
2019-10-21 22:33:41, 9.600000, 14.500000
2019-10-21 22:33:43, 9.500000, 13.300000
2019-10-21 22:33:45, 9.600000, 13.500000
2019-10-21 22:33:47, 9.800000, 13.300000
2019-10-21 22:33:49, 10.200000, 13.600000
2019-10-21 22:33:51, 10.100000, 13.500000
2019-10-21 22:33:53, 10.200000, 14.000000
2019-10-21 22:33:56, 10.200000, 14.200000
2019-10-21 22:33:58, 10.400000, 14.600000
2019-10-21 22:34:00, 10.500000, 15.400000
2019-10-21 22:34:02, 10.500000, 15.400000
2019-10-21 22:34:04, 10.500000, 15.600000
2019-10-21 22:34:06, 10.300000, 15.100000
2019-10-21 22:34:08, 10.500000, 15.700000
2019-10-21 22:34:10, 10.600000, 15.800000
2019-10-21 22:34:12, 10.900000, 16.000000
2019-10-21 22:34:14, 10.800000, 15.900000
2019-10-21 22:34:17, 10.900000, 16.200000
2019-10-21 22:34:19, 10.700000, 15.900000
2019-10-21 22:34:21, 10.500000, 15.700000
2019-10-21 22:34:23, 10.600000, 15.900000
2019-10-21 22:34:25, 10.600000, 15.700000
2019-10-21 22:34:27, 10.300000, 15.100000
2019-10-21 22:34:29, 10.200000, 14.000000
2019-10-21 22:34:31, 10.300000, 14.500000
2019-10-21 22:34:33, 10.200000, 14.000000
2019-10-21 22:34:35, 10.200000, 13.700000
2019-10-21 22:34:38, 10.200000, 13.800000
2019-10-21 22:34:40, 9.900000, 13.700000
2019-10-21 22:34:42, 9.900000, 13.600000
2019-10-21 22:34:44, 9.900000, 14.000000
2019-10-21 22:34:46, 9.800000, 13.900000
2019-10-21 22:34:48, 9.700000, 13.600000
2019-10-21 22:34:50, 9.600000, 13.500000
2019-10-21 22:34:52, 9.700000, 13.600000
2019-10-21 22:34:54, 9.800000, 13.800000
2019-10-21 22:34:56, 9.800000, 14.300000
2019-10-21 22:34:59, 9.700000, 14.400000
2019-10-21 22:35:01, 9.700000, 14.300000
2019-10-21 22:35:03, 9.800000, 14.700000
2019-10-21 22:35:05, 9.900000, 15.000000
2019-10-21 22:35:07, 9.700000, 14.800000
2019-10-21 22:35:09, 9.700000, 14.500000
2019-10-21 22:35:11, 9.600000, 14.900000
2019-10-21 22:35:13, 9.700000, 14.500000
2019-10-21 22:35:15, 9.800000, 14.700000
2019-10-21 22:35:17, 10.000000, 15.300000
2019-10-21 22:35:20, 10.100000, 15.400000
2019-10-21 22:35:22, 10.100000, 15.400000
2019-10-21 22:35:24, 10.100000, 15.200000
2019-10-21 22:35:26, 10.200000, 15.400000
2019-10-21 22:35:28, 10.400000, 15.700000
2019-10-21 22:35:30, 10.400000, 15.900000
2019-10-21 22:35:32, 10.400000, 15.800000
2019-10-21 22:35:34, 10.500000, 16.600000
2019-10-21 22:35:36, 10.700000, 16.900000
2019-10-21 22:35:38, 10.700000, 16.900000
2019-10-21 22:35:41, 10.800000, 16.700000
2019-10-21 22:35:43, 10.600000, 16.200000
2019-10-21 22:35:45, 10.400000, 15.800000
2019-10-21 22:35:47, 10.400000, 16.100000
2019-10-21 22:35:49, 10.100000, 15.500000
2019-10-21 22:35:51, 10.300000, 15.600000
2019-10-21 22:35:53, 10.500000, 16.300000
2019-10-21 22:35:55, 10.400000, 16.100000
2019-10-21 22:35:57, 10.500000, 15.900000
2019-10-21 22:35:59, 10.400000, 16.300000
2019-10-21 22:36:02, 10.400000, 16.000000
2019-10-21 22:36:04, 10.300000, 15.000000
2019-10-21 22:36:06, 10.100000, 14.500000
2019-10-21 22:36:08, 10.100000, 14.400000
2019-10-21 22:36:10, 10.100000, 14.300000
2019-10-21 22:36:12, 10.200000, 14.400000
2019-10-21 22:36:14, 10.100000, 14.500000
2019-10-21 22:36:16, 10.000000, 13.800000
2019-10-21 22:36:18, 10.000000, 13.900000
2019-10-21 22:36:20, 10.000000, 13.900000
2019-10-21 22:36:23, 9.800000, 13.600000
2019-10-21 22:36:25, 9.500000, 12.600000
